subject_id,treatment,victim_verbose,victim,female,female_verbose,support_thermometer
1,0,Not a victim,0,0,Male,9.97719808257208
2,0,Not a victim,0,0,Male,13.4197988386882
3,0,Not a victim,0,0,Male,35.6525128267339
4,0,Not a victim,0,0,Male,18.1862494328964
5,0,Not a victim,0,0,Male,12.8387800021235
6,0,Not a victim,0,0,Male,23.7999626662232
7,0,Not a victim,0,0,Male,42.8220207218255
8,0,Not a victim,0,0,Male,21.8232572380211
9,0,Not a victim,0,0,Male,32.3941455714826
10,0,Not a victim,0,0,Male,26.4610958839962
11,0,Not a victim,0,0,Male,20.2898966194691
12,0,Not a victim,0,0,Male,17.7165991304869
13,0,Not a victim,0,0,Male,24.3235800584294
14,0,Not a victim,0,0,Male,31.6818902677336
15,0,Not a victim,0,0,Male,25.3758263815488
16,0,Not a victim,0,0,Male,31.3065439979907
17,0,Not a victim,0,0,Male,5.01469859224243
18,0,Not a victim,0,0,Male,29.1068905999037
19,0,Not a victim,0,0,Male,21.6566376988269
20,0,Not a victim,0,0,Male,29.1201097575099
21,0,Not a victim,0,0,Male,23.9830041344256
22,0,Not a victim,0,0,Male,30.981250835744
23,0,Not a victim,0,0,Male,24.3881172040367
24,0,Not a victim,0,0,Male,28.5088379321949
25,0,Not a victim,0,0,Male,38.3499699938959
26,0,Not a victim,0,0,Male,31.5004509649238
27,0,Not a victim,0,0,Male,40.5948002622493
28,0,Not a victim,0,0,Male,23.0883380691868
29,0,Not a victim,0,0,Male,32.856727293128
30,0,Not a victim,0,0,Male,22.3837159439357
31,0,Not a victim,0,0,Male,21.8020739966703
32,0,Not a victim,0,0,Male,21.0092317082488
33,0,Not a victim,0,0,Male,36.964043321758
34,0,Not a victim,0,0,Male,29.9884087545592
35,0,Not a victim,0,0,Male,41.292165874924
36,0,Not a victim,0,0,Male,13.370132940479
37,0,Not a victim,0,0,Male,28.3790755717143
38,0,Not a victim,0,0,Male,18.7181393608962
39,0,Not a victim,0,0,Male,21.7787901866517
40,0,Not a victim,0,0,Male,18.4096625384689
41,0,Not a victim,0,0,Male,22.6480312663004
42,0,Not a victim,0,0,Male,9.14899965854457
43,0,Not a victim,0,0,Male,37.6833113589442
44,0,Not a victim,0,0,Male,8.95821547134223
45,0,Not a victim,0,0,Male,24.619319245638
46,0,Not a victim,0,0,Male,33.380979046836
47,0,Not a victim,0,0,Male,8.44553017178573
48,0,Not a victim,0,0,Male,36.0948482639953
49,0,Not a victim,0,0,Male,27.5133804987106
50,0,Not a victim,0,0,Male,26.32868325595
51,0,Not a victim,0,0,Male,21.0837295540889
52,0,Not a victim,0,0,Male,29.8319230695695
53,0,Not a victim,0,0,Male,21.2897993110464
54,0,Not a victim,0,0,Male,21.7823541043065
55,0,Not a victim,0,0,Male,26.1939705415572
56,0,Not a victim,0,0,Male,29.2308873061396
57,0,Not a victim,0,0,Male,21.7107466179815
58,0,Not a victim,0,0,Male,9.62629381127175
59,0,Not a victim,0,0,Male,25.5411885323664
60,0,Not a victim,0,0,Male,22.5178570597662
61,0,Not a victim,0,0,Male,23.1157111697065
62,0,Not a victim,0,0,Male,28.3304107162176
63,0,Not a victim,0,0,Male,9.34169634284357
64,0,Not a victim,0,0,Male,20.1939265222608
65,0,Not a victim,0,0,Male,39.6576380756699
66,0,Not a victim,0,0,Male,21.8774121290647
67,0,Not a victim,0,0,Male,20.2951071880635
68,0,Not a victim,0,0,Male,22.654599615342
69,0,Not a victim,0,0,Male,23.7955817158461
70,0,Not a victim,0,0,Male,27.3974211856915
71,0,Not a victim,0,0,Male,23.536282539905
72,0,Not a victim,0,0,Male,26.4659671265511
73,0,Not a victim,0,0,Male,20.1262199447137
74,0,Not a victim,0,0,Male,25.3893506368204
75,0,Not a victim,0,0,Male,20.8149170651166
76,0,Not a victim,0,0,Male,32.6118451833742
77,0,Not a victim,0,0,Male,27.8327846155579
78,0,Not a victim,0,0,Male,14.7986035596209
79,0,Not a victim,0,0,Male,22.2403793234252
80,0,Not a victim,0,0,Male,29.0133665006248
81,0,Not a victim,0,0,Male,34.6679698182204
82,0,Not a victim,0,0,Male,30.2719575786812
83,0,Not a victim,0,0,Male,28.4951595729699
84,0,Not a victim,0,0,Male,16.2778799336992
85,0,Not a victim,0,0,Male,21.3883938690075
86,0,Not a victim,0,0,Male,18.7142766918529
87,0,Not a victim,0,0,Male,16.9860643207014
88,0,Not a victim,0,0,Male,22.5626848054704
89,0,Not a victim,0,0,Male,30.8512342517621
90,0,Not a victim,0,0,Male,22.7566378602985
91,0,Not a victim,0,0,Male,23.9662837107331
92,0,Not a victim,0,0,Male,30.9064161688019
93,0,Not a victim,0,0,Male,27.7319139340075
94,0,Not a victim,0,0,Male,10.8731922383035
95,0,Not a victim,0,0,Male,25.3713016964824
96,0,Not a victim,0,0,Male,40.0300250919538
97,0,Not a victim,0,0,Male,26.7487089383859
98,0,Not a victim,0,0,Male,27.3771214388099
99,0,Not a victim,0,0,Male,18.7698552898292
100,0,Not a victim,0,0,Male,18.3499574534488
101,0,Not a victim,0,0,Male,32.4031574190971
102,0,Not a victim,0,0,Male,19.1506481070691
103,0,Not a victim,0,0,Male,24.6730901900605
104,0,Not a victim,0,0,Male,18.0311853906395
105,0,Not a victim,0,0,Male,32.4937665382798
106,0,Not a victim,0,0,Male,22.8761409666754
107,0,Not a victim,0,0,Male,27.8851525844517
108,0,Not a victim,0,0,Male,24.912900702454
109,0,Not a victim,0,0,Male,19.9560601548552
110,0,Not a victim,0,0,Male,33.7861858990684
111,0,Not a victim,0,0,Male,32.8757006721372
112,0,Not a victim,0,0,Male,17.9467472750087
113,0,Not a victim,0,0,Male,36.3934572178548
114,0,Not a victim,0,0,Male,14.3780735150569
115,0,Not a victim,0,0,Male,35.724285678039
116,0,Not a victim,0,0,Male,28.1102436467232
117,0,Not a victim,0,0,Male,34.2597345331049
118,0,Not a victim,0,0,Male,26.1456504264126
119,0,Not a victim,0,0,Male,25.2517310936407
120,0,Not a victim,0,0,Male,33.2803465821473
121,0,Not a victim,0,0,Male,32.7158355157558
122,0,Not a victim,0,0,Male,34.8545423858642
123,0,Not a victim,0,0,Male,17.7638139775444
124,0,Not a victim,0,0,Male,20.8402376197229
125,0,Not a victim,0,0,Male,27.5811002834385
126,0,Not a victim,0,1,Female,27.5251318642491
127,0,Not a victim,0,1,Female,21.8238863412866
128,0,Not a victim,0,1,Female,42.8644053093624
129,0,Not a victim,0,1,Female,38.8697312477953
130,0,Not a victim,0,1,Female,34.464786705982
131,0,Not a victim,0,1,Female,33.5353495335475
132,0,Not a victim,0,1,Female,23.6356877518623
133,0,Not a victim,0,1,Female,30.4672755980892
134,0,Not a victim,0,1,Female,17.8278188428528
135,0,Not a victim,0,1,Female,36.1998825896399
136,0,Not a victim,0,1,Female,22.7854878887876
137,0,Not a victim,0,1,Female,30.1121269869186
138,0,Not a victim,0,1,Female,20.9673984854104
139,0,Not a victim,0,1,Female,18.2478843661074
140,0,Not a victim,0,1,Female,28.6063695178268
141,0,Not a victim,0,1,Female,26.590322363528202
142,0,Not a victim,0,1,Female,30.665327229349302
143,0,Not a victim,0,1,Female,31.3658817051184
144,0,Not a victim,0,1,Female,39.4510859086057
145,0,Not a victim,0,1,Female,36.5678989754566
146,0,Not a victim,0,1,Female,26.9635756058531
147,0,Not a victim,0,1,Female,36.3984730386845
148,0,Not a victim,0,1,Female,34.1390721368175
149,0,Not a victim,0,1,Female,30.0083088237221
150,0,Not a victim,0,1,Female,34.2746604836844
151,0,Not a victim,0,1,Female,28.7654852201586
152,0,Not a victim,0,1,Female,36.2616066370481
153,0,Not a victim,0,1,Female,31.9274652581744
154,0,Not a victim,0,1,Female,23.9046765785348
155,0,Not a victim,0,1,Female,24.8813883186772
156,0,Not a victim,0,1,Female,30.8002407403153
157,0,Not a victim,0,1,Female,34.8540992819807
158,0,Not a victim,0,1,Female,27.3454869849996
159,0,Not a victim,0,1,Female,37.9852907747401
160,0,Not a victim,0,1,Female,40.6946054154482
161,0,Not a victim,0,1,Female,41.3825025430165
162,0,Not a victim,0,1,Female,38.0752772148099
163,0,Not a victim,0,1,Female,32.7482162568584
164,0,Not a victim,0,1,Female,32.1533590595168
165,0,Not a victim,0,1,Female,35.6528622464105
166,0,Not a victim,0,1,Female,40.7273050803431
167,0,Not a victim,0,1,Female,41.8286319382551
168,0,Not a victim,0,1,Female,34.1982497641597
169,0,Not a victim,0,1,Female,36.2990177371935
170,0,Not a victim,0,1,Female,24.8897500830378
171,0,Not a victim,0,1,Female,28.680734690658
172,0,Not a victim,0,1,Female,21.4947971443047
173,0,Not a victim,0,1,Female,34.0850754282893
174,0,Not a victim,0,1,Female,24.5590107453858
175,0,Not a victim,0,1,Female,31.2898994166624
176,0,Not a victim,0,1,Female,22.0180281067214
177,0,Not a victim,0,1,Female,34.2086729158223
178,0,Not a victim,0,1,Female,23.1995050323534
179,0,Not a victim,0,1,Female,23.0660045580573
180,0,Not a victim,0,1,Female,15.398782922047
181,0,Not a victim,0,1,Female,16.175989744275
182,0,Not a victim,0,1,Female,37.5721077851917
183,0,Not a victim,0,1,Female,37.716660203361
184,0,Not a victim,0,1,Female,33.1712923210533
185,0,Not a victim,0,1,Female,38.5444232239518
186,0,Not a victim,0,1,Female,30.1040672764723
187,0,Not a victim,0,1,Female,28.9321908013758
188,0,Not a victim,0,1,Female,21.4176354612559
189,0,Not a victim,0,1,Female,17.1207236106847
190,0,Not a victim,0,1,Female,42.2579248481271
191,0,Not a victim,0,1,Female,20.7885381573362
192,0,Not a victim,0,1,Female,32.7498339150125
193,0,Not a victim,0,1,Female,39.4613714460234
194,0,Not a victim,0,1,Female,38.080399840582
195,0,Not a victim,0,1,Female,41.5231353705814
196,0,Not a victim,0,1,Female,36.923226131231
197,0,Not a victim,0,1,Female,46.3889343761058
198,0,Not a victim,0,1,Female,30.5784998460377
199,0,Not a victim,0,1,Female,22.8699653744441
200,0,Not a victim,0,1,Female,29.1152852930269
201,0,Not a victim,0,1,Female,46.3935852938843
202,0,Not a victim,0,1,Female,23.7589483370801
203,0,Not a victim,0,1,Female,27.9765106820349
204,0,Not a victim,0,1,Female,25.3982860331442
205,0,Not a victim,0,1,Female,35.6121509778482
206,0,Not a victim,0,1,Female,32.2977969506665
207,0,Not a victim,0,1,Female,26.8479399323583
208,0,Not a victim,0,1,Female,31.7359888090792
209,0,Not a victim,0,1,Female,21.7127472809808
210,0,Not a victim,0,1,Female,38.266467766831
211,0,Not a victim,0,1,Female,36.419429188161
212,0,Not a victim,0,1,Female,30.6218259855983
213,0,Not a victim,0,1,Female,36.4097877664471
214,0,Not a victim,0,1,Female,35.8317147342754
215,0,Not a victim,0,1,Female,37.5941337766354
216,0,Not a victim,0,1,Female,23.5592023590798
217,0,Not a victim,0,1,Female,22.6367471323861
218,0,Not a victim,0,1,Female,22.0778179795144
219,0,Not a victim,0,1,Female,39.1724121753001
220,0,Not a victim,0,1,Female,38.633310172053
221,0,Not a victim,0,1,Female,28.7702160380152
222,0,Not a victim,0,1,Female,31.4702465099979
223,0,Not a victim,0,1,Female,25.5449347504124
224,0,Not a victim,0,1,Female,14.1455796984791
225,0,Not a victim,0,1,Female,35.7886015596512
226,0,Not a victim,0,1,Female,17.8850407718169
227,0,Not a victim,0,1,Female,10.115553002109
228,0,Not a victim,0,1,Female,37.9564063452616
229,0,Not a victim,0,1,Female,36.6446898012689
230,0,Not a victim,0,1,Female,28.6540796009515
231,0,Not a victim,0,1,Female,10.5523020651684
232,0,Not a victim,0,1,Female,32.3485794368488
233,0,Not a victim,0,1,Female,33.3904136977932
234,0,Not a victim,0,1,Female,26.7129452019391
235,0,Not a victim,0,1,Female,37.6310257450224
236,0,Not a victim,0,1,Female,45.7148463427127
237,0,Not a victim,0,1,Female,40.2632142906534
238,0,Not a victim,0,1,Female,21.7897807553014
239,0,Not a victim,0,1,Female,24.5667158378562
240,0,Not a victim,0,1,Female,18.0909799067752
241,0,Not a victim,0,1,Female,19.8294609143559
242,0,Not a victim,0,1,Female,37.5311813247122
243,0,Not a victim,0,1,Female,40.6518896980681
244,0,Not a victim,0,1,Female,39.2736788185224
245,0,Not a victim,0,1,Female,32.6472722000821
246,0,Not a victim,0,1,Female,28.8394302710359
247,0,Not a victim,0,1,Female,27.8841105700881
248,0,Not a victim,0,1,Female,35.1137563484178
249,0,Not a victim,0,1,Female,31.8688283777659
250,0,Not a victim,0,1,Female,36.0005188483957
251,0,Victim,1,0,Male,44.8080601662596
252,0,Victim,1,0,Male,43.2448637323829
253,0,Victim,1,0,Male,54.7075900208407
254,0,Victim,1,0,Male,44.8763116029612
255,0,Victim,1,0,Male,36.886453446968
256,0,Victim,1,0,Male,31.8821736909984
257,0,Victim,1,0,Male,35.2196051982465
258,0,Victim,1,0,Male,42.518177529593
259,0,Victim,1,0,Male,26.3754709948267
260,0,Victim,1,0,Male,36.6893670059044
261,0,Victim,1,0,Male,39.2301039864855
262,0,Victim,1,0,Male,44.5262950798729
263,0,Victim,1,0,Male,55.6849543653472
264,0,Victim,1,0,Male,49.2320130212742
265,0,Victim,1,0,Male,42.512107218951
266,0,Victim,1,0,Male,39.6695129989663
267,0,Victim,1,0,Male,45.6902246654098
268,0,Victim,1,0,Male,37.8754034803582
269,0,Victim,1,0,Male,40.8310806126538
270,0,Victim,1,0,Male,40.0969401665207
271,0,Victim,1,0,Male,35.7794163095198
272,0,Victim,1,0,Male,37.5206199608615
273,0,Victim,1,0,Male,38.3315649462051
274,0,Victim,1,0,Male,31.4151757636442
275,0,Victim,1,0,Male,35.5013924459388
276,0,Victim,1,0,Male,50.0756472447524
277,0,Victim,1,0,Male,32.3346673991198
278,0,Victim,1,0,Male,39.8308398267005
279,0,Victim,1,0,Male,42.3650559231251
280,0,Victim,1,0,Male,34.2545022452609
281,0,Victim,1,0,Male,40.3802656285273
282,0,Victim,1,0,Male,46.5563065454229
283,0,Victim,1,0,Male,25.6825688531572
284,0,Victim,1,0,Male,38.5479381131801
285,0,Victim,1,0,Male,45.8772586767372
286,0,Victim,1,0,Male,41.1209950045186
287,0,Victim,1,0,Male,38.0507809992089
288,0,Victim,1,0,Male,39.9019065422502
289,0,Victim,1,0,Male,46.5646150226671
290,0,Victim,1,0,Male,44.4418801604595
291,0,Victim,1,0,Male,18.0364071510939
292,0,Victim,1,0,Male,45.3265937426441
293,0,Victim,1,0,Male,31.7686573672259
294,0,Victim,1,0,Male,26.8495031035912
295,0,Victim,1,0,Male,46.7832601684359
296,0,Victim,1,0,Male,36.69935983046
297,0,Victim,1,0,Male,42.2050392220956
298,0,Victim,1,0,Male,41.212974064481
299,0,Victim,1,0,Male,34.8774503121342
300,0,Victim,1,0,Male,37.0571511057994
301,0,Victim,1,0,Male,41.111557781354
302,0,Victim,1,0,Male,36.8410055882356
303,0,Victim,1,0,Male,37.0541100538618
304,0,Victim,1,0,Male,50.3365335413135
305,0,Victim,1,0,Male,34.5852908998279
306,0,Victim,1,0,Male,41.6109283896337
307,0,Victim,1,0,Male,41.6507490765707
308,0,Victim,1,0,Male,39.0826200428042
309,0,Victim,1,0,Male,32.6611127094614
310,0,Victim,1,0,Male,46.667472485002
311,0,Victim,1,0,Male,42.0899851682184
312,0,Victim,1,0,Male,48.9513412887408
313,0,Victim,1,0,Male,40.0097546129802
314,0,Victim,1,0,Male,34.6994749718891
315,0,Victim,1,0,Male,48.3677861424784
316,0,Victim,1,0,Male,41.1574192339279
317,0,Victim,1,0,Male,40.5862702677988
318,0,Victim,1,0,Male,32.3235422690908
319,0,Victim,1,0,Male,51.1836335078465
320,0,Victim,1,0,Male,46.9127532387492
321,0,Victim,1,0,Male,54.5618421768392
322,0,Victim,1,0,Male,40.8012004280657
323,0,Victim,1,0,Male,41.3280517935838
324,0,Victim,1,0,Male,38.4177138562262
325,0,Victim,1,0,Male,33.9385028626194
326,0,Victim,1,0,Male,48.9673814793428
327,0,Victim,1,0,Male,39.9842982771527
328,0,Victim,1,0,Male,37.8342854283667
329,0,Victim,1,0,Male,35.5875159533355
330,0,Victim,1,0,Male,39.142824631809
331,0,Victim,1,0,Male,36.2390563424599
332,0,Victim,1,0,Male,42.6533923817363
333,0,Victim,1,0,Male,62.2550076922236
334,0,Victim,1,0,Male,42.094937672377
335,0,Victim,1,0,Male,45.4472676546165
336,0,Victim,1,0,Male,47.6014619077053
337,0,Victim,1,0,Male,31.3557885496858
338,0,Victim,1,0,Male,30.0270890731347
339,0,Victim,1,0,Male,40.8638615959286
340,0,Victim,1,0,Male,30.1959494578395
341,0,Victim,1,0,Male,39.5623421604004
342,0,Victim,1,0,Male,35.775992485808
343,0,Victim,1,0,Male,35.2872009512362
344,0,Victim,1,0,Male,45.4058142295232
345,0,Victim,1,0,Male,53.0234537504897
346,0,Victim,1,0,Male,55.6399015952224
347,0,Victim,1,0,Male,38.2474712911521
348,0,Victim,1,0,Male,44.7654942221085
349,0,Victim,1,0,Male,38.821709266759
350,0,Victim,1,0,Male,34.4134303999266
351,0,Victim,1,0,Male,55.0247855366881
352,0,Victim,1,0,Male,40.5048812597584
353,0,Victim,1,0,Male,29.621346653919
354,0,Victim,1,0,Male,35.7360386060328
355,0,Victim,1,0,Male,43.0191244957816
356,0,Victim,1,0,Male,37.9885038859564
357,0,Victim,1,0,Male,44.9579839246882
358,0,Victim,1,0,Male,51.0408598517492
359,0,Victim,1,0,Male,27.8719534760864
360,0,Victim,1,0,Male,35.0976471983564
361,0,Victim,1,0,Male,53.4671323768857
362,0,Victim,1,0,Male,43.6556588763386
363,0,Victim,1,0,Male,33.8987778905807
364,0,Victim,1,0,Male,40.2378233083096
365,0,Victim,1,0,Male,42.4180740857784
366,0,Victim,1,0,Male,37.7304513798148
367,0,Victim,1,0,Male,38.2641139631635
368,0,Victim,1,0,Male,53.6728860234947
369,0,Victim,1,0,Male,35.2287875929928
370,0,Victim,1,0,Male,34.8457755861335
371,0,Victim,1,0,Male,32.2151396019578
372,0,Victim,1,0,Male,41.0266269877513
373,0,Victim,1,0,Male,36.190508867684
374,0,Victim,1,0,Male,31.0197890698012
375,0,Victim,1,0,Male,37.9955316791433
376,0,Victim,1,1,Female,50.1752673673996
377,0,Victim,1,1,Female,34.6313532224764
378,0,Victim,1,1,Female,54.8569761977645
379,0,Victim,1,1,Female,44.6263943782202
380,0,Victim,1,1,Female,44.3965277616799
381,0,Victim,1,1,Female,38.9836832783558
382,0,Victim,1,1,Female,49.7507442768393
383,0,Victim,1,1,Female,40.7330705445426
384,0,Victim,1,1,Female,33.0721489567575
385,0,Victim,1,1,Female,33.7058872910886
386,0,Victim,1,1,Female,43.0761035733394
387,0,Victim,1,1,Female,36.9262672679651
388,0,Victim,1,1,Female,39.7745226469227
389,0,Victim,1,1,Female,46.5222466774793
390,0,Victim,1,1,Female,50.8422088194716
391,0,Victim,1,1,Female,40.4440383022376
392,0,Victim,1,1,Female,40.1603865860053
393,0,Victim,1,1,Female,56.262291946284
394,0,Victim,1,1,Female,39.1497218258222
395,0,Victim,1,1,Female,50.7252849186597
396,0,Victim,1,1,Female,36.2331157920235
397,0,Victim,1,1,Female,32.9128541045395
398,0,Victim,1,1,Female,35.734651892524
399,0,Victim,1,1,Female,45.5953450693823
400,0,Victim,1,1,Female,37.0721494202502
401,0,Victim,1,1,Female,50.3634629697352
402,0,Victim,1,1,Female,42.8521324494041
403,0,Victim,1,1,Female,49.4336921163099
404,0,Victim,1,1,Female,32.9414674874721
405,0,Victim,1,1,Female,29.2873607494515
406,0,Victim,1,1,Female,33.4222882834871
407,0,Victim,1,1,Female,40.324001692506
408,0,Victim,1,1,Female,45.9669066999761
409,0,Victim,1,1,Female,52.5668896457078
410,0,Victim,1,1,Female,45.4054195591868
411,0,Victim,1,1,Female,51.1127052712376
412,0,Victim,1,1,Female,38.5237246208726
413,0,Victim,1,1,Female,50.1922413612826
414,0,Victim,1,1,Female,43.429586072666
415,0,Victim,1,1,Female,52.1764114007692
416,0,Victim,1,1,Female,31.9162932721723
417,0,Victim,1,1,Female,32.1935703137702
418,0,Victim,1,1,Female,37.9888497341519
419,0,Victim,1,1,Female,42.9199622383062
420,0,Victim,1,1,Female,45.4128989907763
421,0,Victim,1,1,Female,46.512058686315
422,0,Victim,1,1,Female,39.1635655687485
423,0,Victim,1,1,Female,35.7837627255104
424,0,Victim,1,1,Female,49.5539098704366
425,0,Victim,1,1,Female,48.2182888844909
426,0,Victim,1,1,Female,29.0149166499539
427,0,Victim,1,1,Female,49.2451604789906
428,0,Victim,1,1,Female,58.9038840793462
429,0,Victim,1,1,Female,46.0954058428019
430,0,Victim,1,1,Female,43.9359859460694
431,0,Victim,1,1,Female,55.3951321408864
432,0,Victim,1,1,Female,41.3264052993857
433,0,Victim,1,1,Female,46.5227513664631
434,0,Victim,1,1,Female,31.4285991716203
435,0,Victim,1,1,Female,34.4356338492279
436,0,Victim,1,1,Female,42.9879493049162
437,0,Victim,1,1,Female,42.2881526840899
438,0,Victim,1,1,Female,39.8491678077326
439,0,Victim,1,1,Female,51.4558726172561
440,0,Victim,1,1,Female,51.3116027666133
441,0,Victim,1,1,Female,55.4099067464252
442,0,Victim,1,1,Female,41.1126498804882
443,0,Victim,1,1,Female,37.2014759980457
444,0,Victim,1,1,Female,27.7072043491403
445,0,Victim,1,1,Female,37.402125558959
446,0,Victim,1,1,Female,53.160566405929
447,0,Victim,1,1,Female,49.7884346642101
448,0,Victim,1,1,Female,52.8074916543745
449,0,Victim,1,1,Female,43.7208904894012
450,0,Victim,1,1,Female,43.4286980987775
451,0,Victim,1,1,Female,54.7923225396881
452,0,Victim,1,1,Female,38.4706473349421
453,0,Victim,1,1,Female,33.6324284024305
454,0,Victim,1,1,Female,55.2346773348631
455,0,Victim,1,1,Female,46.9301505693888
456,0,Victim,1,1,Female,41.7924577599094
457,0,Victim,1,1,Female,52.3315407058746
458,0,Victim,1,1,Female,57.0771717834673
459,0,Victim,1,1,Female,36.5531414783103
460,0,Victim,1,1,Female,25.7083788271115
461,0,Victim,1,1,Female,35.2159389290458
462,0,Victim,1,1,Female,41.404039180235
463,0,Victim,1,1,Female,49.6481665612783
464,0,Victim,1,1,Female,23.7036772373973
465,0,Victim,1,1,Female,43.8083820979335
466,0,Victim,1,1,Female,47.8192294051468
467,0,Victim,1,1,Female,32.1679403576456
468,0,Victim,1,1,Female,45.9953595435627
469,0,Victim,1,1,Female,62.0615670009382
470,0,Victim,1,1,Female,37.5589193683904
471,0,Victim,1,1,Female,49.9352588046343
472,0,Victim,1,1,Female,53.5124760588139
473,0,Victim,1,1,Female,55.0780104038028
474,0,Victim,1,1,Female,50.3325332292717
475,0,Victim,1,1,Female,41.7234532148803
476,0,Victim,1,1,Female,51.2592128093489
477,0,Victim,1,1,Female,42.0405844796261
478,0,Victim,1,1,Female,40.1149119838579
479,0,Victim,1,1,Female,50.0896053015167
480,0,Victim,1,1,Female,46.7611331344383
481,0,Victim,1,1,Female,50.4115719047205
482,0,Victim,1,1,Female,42.0632587308694
483,0,Victim,1,1,Female,36.5173799936931
484,0,Victim,1,1,Female,45.1370527873873
485,0,Victim,1,1,Female,42.5694630331266
486,0,Victim,1,1,Female,56.9735572271072
487,0,Victim,1,1,Female,58.4983797658537
488,0,Victim,1,1,Female,41.9306277924946
489,0,Victim,1,1,Female,50.1527023810768
490,0,Victim,1,1,Female,44.4605836624796
491,0,Victim,1,1,Female,46.2007341395252
492,0,Victim,1,1,Female,40.5887158742839
493,0,Victim,1,1,Female,39.7707005377688
494,0,Victim,1,1,Female,51.991316740233
495,0,Victim,1,1,Female,38.761350333013
496,0,Victim,1,1,Female,40.0476633500162
497,0,Victim,1,1,Female,61.7893216183892
498,0,Victim,1,1,Female,38.9408062836341
499,0,Victim,1,1,Female,49.8393215859296
500,0,Victim,1,1,Female,57.5684027817307
501,1,Not a victim,0,0,Male,26.7458288935068
502,1,Not a victim,0,0,Male,38.083546098608
503,1,Not a victim,0,0,Male,20.3214396989159
504,1,Not a victim,0,0,Male,26.6717853633785
505,1,Not a victim,0,0,Male,35.6131696466012
506,1,Not a victim,0,0,Male,35.1742405675946
507,1,Not a victim,0,0,Male,43.203857121494
508,1,Not a victim,0,0,Male,40.9328575155839
509,1,Not a victim,0,0,Male,31.9691310313483
510,1,Not a victim,0,0,Male,32.0105474761286
511,1,Not a victim,0,0,Male,42.0456313581915
512,1,Not a victim,0,0,Male,45.001103126498
513,1,Not a victim,0,0,Male,18.1801972813929
514,1,Not a victim,0,0,Male,33.382418740857
515,1,Not a victim,0,0,Male,29.8388365421307
516,1,Not a victim,0,0,Male,50.2338691966909
517,1,Not a victim,0,0,Male,39.2702204018544
518,1,Not a victim,0,0,Male,34.6540556302768
519,1,Not a victim,0,0,Male,29.2401611278418
520,1,Not a victim,0,0,Male,28.3113721062329
521,1,Not a victim,0,0,Male,32.8142028239358
522,1,Not a victim,0,0,Male,35.6029043912238
523,1,Not a victim,0,0,Male,37.0298918448402
524,1,Not a victim,0,0,Male,37.0411261433502
525,1,Not a victim,0,0,Male,10.0304508380706
526,1,Not a victim,0,0,Male,38.4512220714527
527,1,Not a victim,0,0,Male,31.1057291302917
528,1,Not a victim,0,0,Male,33.611834691342
529,1,Not a victim,0,0,Male,25.3786756719445
530,1,Not a victim,0,0,Male,40.6655344931232
531,1,Not a victim,0,0,Male,30.848038033801
532,1,Not a victim,0,0,Male,30.0240515081568
533,1,Not a victim,0,0,Male,38.7541296495823
534,1,Not a victim,0,0,Male,13.1536781374386
535,1,Not a victim,0,0,Male,34.457630133687
536,1,Not a victim,0,0,Male,37.2541687330874
537,1,Not a victim,0,0,Male,35.2679219704929
538,1,Not a victim,0,0,Male,28.6123574307486
539,1,Not a victim,0,0,Male,29.3505185956734
540,1,Not a victim,0,0,Male,47.6336050408987
541,1,Not a victim,0,0,Male,34.4479414055189
542,1,Not a victim,0,0,Male,39.2864860933816
543,1,Not a victim,0,0,Male,21.1541764007196
544,1,Not a victim,0,0,Male,40.5539784144829
545,1,Not a victim,0,0,Male,38.4273195182447
546,1,Not a victim,0,0,Male,31.3992922581193
547,1,Not a victim,0,0,Male,29.7699364201806
548,1,Not a victim,0,0,Male,43.8774968856292
549,1,Not a victim,0,0,Male,26.0180575914046
550,1,Not a victim,0,0,Male,37.750394735668
551,1,Not a victim,0,0,Male,20.6927464032515
552,1,Not a victim,0,0,Male,34.5624494607933
553,1,Not a victim,0,0,Male,29.2757941008879
554,1,Not a victim,0,0,Male,32.6764390154927
555,1,Not a victim,0,0,Male,30.5024548430506
556,1,Not a victim,0,0,Male,45.0390418957041
557,1,Not a victim,0,0,Male,36.8631825755124
558,1,Not a victim,0,0,Male,39.9841629554798
559,1,Not a victim,0,0,Male,38.1392595389112
560,1,Not a victim,0,0,Male,32.6549925973465
561,1,Not a victim,0,0,Male,34.9294076936879
562,1,Not a victim,0,0,Male,39.4920118971104
563,1,Not a victim,0,0,Male,25.4122576915777
564,1,Not a victim,0,0,Male,32.5177119931143
565,1,Not a victim,0,0,Male,33.9542475095842
566,1,Not a victim,0,0,Male,36.2052581148135
567,1,Not a victim,0,0,Male,39.9525698021649
568,1,Not a victim,0,0,Male,36.4633347380708
569,1,Not a victim,0,0,Male,21.2746700628686
570,1,Not a victim,0,0,Male,33.2172114567282
571,1,Not a victim,0,0,Male,31.6454359707447
572,1,Not a victim,0,0,Male,43.1149540079085
573,1,Not a victim,0,0,Male,14.5486925674543
574,1,Not a victim,0,0,Male,32.2442574772289
575,1,Not a victim,0,0,Male,16.5527793901289
576,1,Not a victim,0,0,Male,30.4865844317745
577,1,Not a victim,0,0,Male,39.706663651611
578,1,Not a victim,0,0,Male,23.1695806421748
579,1,Not a victim,0,0,Male,35.7113942525442
580,1,Not a victim,0,0,Male,25.40757663801
581,1,Not a victim,0,0,Male,34.1129637402244
582,1,Not a victim,0,0,Male,28.7814944149109
583,1,Not a victim,0,0,Male,34.3078039365852
584,1,Not a victim,0,0,Male,28.5729529012709
585,1,Not a victim,0,0,Male,29.4018756751071
586,1,Not a victim,0,0,Male,34.3417078325954
587,1,Not a victim,0,0,Male,24.985478589565
588,1,Not a victim,0,0,Male,38.976340680125404
589,1,Not a victim,0,0,Male,28.1307951305622
590,1,Not a victim,0,0,Male,50.1386395280355
591,1,Not a victim,0,0,Male,38.3077279763153
592,1,Not a victim,0,0,Male,40.322718150438
593,1,Not a victim,0,0,Male,35.7493275087119
594,1,Not a victim,0,0,Male,33.6076192237698
595,1,Not a victim,0,0,Male,25.8652673142085
596,1,Not a victim,0,0,Male,33.5482997958352
597,1,Not a victim,0,0,Male,42.231568661473
598,1,Not a victim,0,0,Male,30.8506207302808
599,1,Not a victim,0,0,Male,40.7660902236059
600,1,Not a victim,0,0,Male,18.0813433357992
601,1,Not a victim,0,0,Male,32.6958386493032
602,1,Not a victim,0,0,Male,37.5801121281338
603,1,Not a victim,0,0,Male,38.0868773038036
604,1,Not a victim,0,0,Male,29.3636893689427
605,1,Not a victim,0,0,Male,20.4034965190591
606,1,Not a victim,0,0,Male,14.2646059894542
607,1,Not a victim,0,0,Male,31.5635208415751
608,1,Not a victim,0,0,Male,47.8992396120149
609,1,Not a victim,0,0,Male,26.1076672604941
610,1,Not a victim,0,0,Male,11.5554560972129
611,1,Not a victim,0,0,Male,27.2011164873133
612,1,Not a victim,0,0,Male,36.067959982318
613,1,Not a victim,0,0,Male,24.2085816714362
614,1,Not a victim,0,0,Male,45.2684094143856
615,1,Not a victim,0,0,Male,29.0053929378312
616,1,Not a victim,0,0,Male,39.8917955959309
617,1,Not a victim,0,0,Male,19.8236222291139
618,1,Not a victim,0,0,Male,31.9766834995682
619,1,Not a victim,0,0,Male,39.3037698582367
620,1,Not a victim,0,0,Male,26.4606172830589
621,1,Not a victim,0,0,Male,33.8271637397873
622,1,Not a victim,0,0,Male,36.5995692799936
623,1,Not a victim,0,0,Male,33.5212300324183
624,1,Not a victim,0,0,Male,37.905471939493
625,1,Not a victim,0,0,Male,27.5080464820617
626,1,Not a victim,0,1,Female,31.2100780180923
627,1,Not a victim,0,1,Female,50.5572513109376
628,1,Not a victim,0,1,Female,35.7348882088679
629,1,Not a victim,0,1,Female,54.7373819589858
630,1,Not a victim,0,1,Female,40.8998261048422
631,1,Not a victim,0,1,Female,29.7400109600632
632,1,Not a victim,0,1,Female,44.2678429796372
633,1,Not a victim,0,1,Female,33.6351477752469
634,1,Not a victim,0,1,Female,39.1326527680165
635,1,Not a victim,0,1,Female,39.3526517330114
636,1,Not a victim,0,1,Female,50.0612464404963
637,1,Not a victim,0,1,Female,35.0056339369185
638,1,Not a victim,0,1,Female,42.2190954259983
639,1,Not a victim,0,1,Female,40.6372000555025
640,1,Not a victim,0,1,Female,36.6684601033198
641,1,Not a victim,0,1,Female,38.7913437971789
642,1,Not a victim,0,1,Female,38.727688418407
643,1,Not a victim,0,1,Female,35.5553331073221
644,1,Not a victim,0,1,Female,32.6233378533246
645,1,Not a victim,0,1,Female,38.3939190039704
646,1,Not a victim,0,1,Female,35.6920816480202
647,1,Not a victim,0,1,Female,47.6034350831147
648,1,Not a victim,0,1,Female,40.4954592703042
649,1,Not a victim,0,1,Female,30.789148783187
650,1,Not a victim,0,1,Female,45.1959266510417
651,1,Not a victim,0,1,Female,39.328540092314
652,1,Not a victim,0,1,Female,39.3812736324938
653,1,Not a victim,0,1,Female,30.653819240576
654,1,Not a victim,0,1,Female,31.455059779864
655,1,Not a victim,0,1,Female,44.4138372843709
656,1,Not a victim,0,1,Female,39.2715990462677
657,1,Not a victim,0,1,Female,50.5073216748116
658,1,Not a victim,0,1,Female,49.5251678838523
659,1,Not a victim,0,1,Female,37.5721487613975
660,1,Not a victim,0,1,Female,47.0511003155108
661,1,Not a victim,0,1,Female,34.0252008118731
662,1,Not a victim,0,1,Female,47.3794701729214
663,1,Not a victim,0,1,Female,43.3746740396996
664,1,Not a victim,0,1,Female,38.4615262227487
665,1,Not a victim,0,1,Female,36.2515878480981
666,1,Not a victim,0,1,Female,35.4595894062778
667,1,Not a victim,0,1,Female,44.6603145346526
668,1,Not a victim,0,1,Female,43.6292125918934
669,1,Not a victim,0,1,Female,44.8214360170545
670,1,Not a victim,0,1,Female,28.2700880164803
671,1,Not a victim,0,1,Female,31.5334468771283
672,1,Not a victim,0,1,Female,39.7331227546818
673,1,Not a victim,0,1,Female,29.2062313163958
674,1,Not a victim,0,1,Female,43.0795524581964
675,1,Not a victim,0,1,Female,22.5023209055067
676,1,Not a victim,0,1,Female,39.3328453974318
677,1,Not a victim,0,1,Female,42.5786196515518
678,1,Not a victim,0,1,Female,39.4809496389822
679,1,Not a victim,0,1,Female,51.9517941790604
680,1,Not a victim,0,1,Female,36.2992800186893
681,1,Not a victim,0,1,Female,42.4334813798574
682,1,Not a victim,0,1,Female,38.3066144352143
683,1,Not a victim,0,1,Female,43.2376631964786
684,1,Not a victim,0,1,Female,30.0397602536438
685,1,Not a victim,0,1,Female,29.0864507948795
686,1,Not a victim,0,1,Female,46.1696611976295
687,1,Not a victim,0,1,Female,39.2036500116108
688,1,Not a victim,0,1,Female,35.0501554731475
689,1,Not a victim,0,1,Female,34.865233951129
690,1,Not a victim,0,1,Female,37.5967420704596
691,1,Not a victim,0,1,Female,30.0312585855342
692,1,Not a victim,0,1,Female,35.3161523794959
693,1,Not a victim,0,1,Female,35.7018180080826
694,1,Not a victim,0,1,Female,43.8984538977322
695,1,Not a victim,0,1,Female,43.2241008244816
696,1,Not a victim,0,1,Female,16.4027420423684
697,1,Not a victim,0,1,Female,34.9987535191539
698,1,Not a victim,0,1,Female,34.3292469487022
699,1,Not a victim,0,1,Female,45.9999031469333
700,1,Not a victim,0,1,Female,25.4740778191026
701,1,Not a victim,0,1,Female,39.4844329487767
702,1,Not a victim,0,1,Female,28.3470348314242
703,1,Not a victim,0,1,Female,47.2366777276744
704,1,Not a victim,0,1,Female,51.2006827282732
705,1,Not a victim,0,1,Female,36.5929217394903
706,1,Not a victim,0,1,Female,46.3006449565511
707,1,Not a victim,0,1,Female,49.4002533748033
708,1,Not a victim,0,1,Female,33.8393990898464
709,1,Not a victim,0,1,Female,21.3057633330932
710,1,Not a victim,0,1,Female,39.8011938388595
711,1,Not a victim,0,1,Female,28.795520398196
712,1,Not a victim,0,1,Female,37.190288821722
713,1,Not a victim,0,1,Female,49.359829760717
714,1,Not a victim,0,1,Female,37.7178724637311
715,1,Not a victim,0,1,Female,43.9758734945147
716,1,Not a victim,0,1,Female,52.8765331256541
717,1,Not a victim,0,1,Female,41.5380305611136
718,1,Not a victim,0,1,Female,31.0923390975291
719,1,Not a victim,0,1,Female,38.0224380949624
720,1,Not a victim,0,1,Female,40.1449053429924
721,1,Not a victim,0,1,Female,44.9598392059544
722,1,Not a victim,0,1,Female,45.5689903142159
723,1,Not a victim,0,1,Female,41.2051414038607
724,1,Not a victim,0,1,Female,48.2854596805741
725,1,Not a victim,0,1,Female,41.3593721130169
726,1,Not a victim,0,1,Female,23.3122782932661
727,1,Not a victim,0,1,Female,43.6073297989
728,1,Not a victim,0,1,Female,41.1261870258866
729,1,Not a victim,0,1,Female,50.9337763633541
730,1,Not a victim,0,1,Female,49.2510400600041
731,1,Not a victim,0,1,Female,42.0602318681021
732,1,Not a victim,0,1,Female,47.2810352053206
733,1,Not a victim,0,1,Female,53.1520367344676
734,1,Not a victim,0,1,Female,47.6044511986737
735,1,Not a victim,0,1,Female,40.0255272112695
736,1,Not a victim,0,1,Female,32.680917588143
737,1,Not a victim,0,1,Female,28.9726743510105
738,1,Not a victim,0,1,Female,39.1222692980289
739,1,Not a victim,0,1,Female,34.4595412630808
740,1,Not a victim,0,1,Female,34.298302852347
741,1,Not a victim,0,1,Female,35.2794889666805
742,1,Not a victim,0,1,Female,47.8113830388551
743,1,Not a victim,0,1,Female,39.5674071958524
744,1,Not a victim,0,1,Female,35.0171159278823
745,1,Not a victim,0,1,Female,41.5801161368496
746,1,Not a victim,0,1,Female,33.687847240515
747,1,Not a victim,0,1,Female,38.1405411486511
748,1,Not a victim,0,1,Female,28.1574064301597
749,1,Not a victim,0,1,Female,52.8843212263396
750,1,Not a victim,0,1,Female,32.6859458462951
751,1,Victim,1,0,Male,66.1548624073533
752,1,Victim,1,0,Male,64.783446066727
753,1,Victim,1,0,Male,61.3343694078458
754,1,Victim,1,0,Male,61.9417310142253
755,1,Victim,1,0,Male,66.3112788373167
756,1,Victim,1,0,Male,81.2578452320994
757,1,Victim,1,0,Male,69.4884235034041
758,1,Victim,1,0,Male,81.9100639411502
759,1,Victim,1,0,Male,76.9740831511606
760,1,Victim,1,0,Male,62.53024577926
761,1,Victim,1,0,Male,75.4763594043015
762,1,Victim,1,0,Male,54.3311272092791
763,1,Victim,1,0,Male,59.049472738642
764,1,Victim,1,0,Male,56.6034043689694
765,1,Victim,1,0,Male,64.822279172424
766,1,Victim,1,0,Male,52.3558747345545
767,1,Victim,1,0,Male,72.8598601755526
768,1,Victim,1,0,Male,60.5359288610386
769,1,Victim,1,0,Male,72.9890361795569
770,1,Victim,1,0,Male,64.0501268805928
771,1,Victim,1,0,Male,85.5791852664299
772,1,Victim,1,0,Male,69.5101309259774
773,1,Victim,1,0,Male,87.0406312925946
774,1,Victim,1,0,Male,64.652688548592
775,1,Victim,1,0,Male,75.2523005372701
776,1,Victim,1,0,Male,53.3038680931451
777,1,Victim,1,0,Male,66.4982523665617
778,1,Victim,1,0,Male,80.1628374890466
779,1,Victim,1,0,Male,80.1961690650113
780,1,Victim,1,0,Male,71.0715540809199
781,1,Victim,1,0,Male,68.4830415375322
782,1,Victim,1,0,Male,64.4404866365754
783,1,Victim,1,0,Male,80.478639825545
784,1,Victim,1,0,Male,69.0795608084911
785,1,Victim,1,0,Male,91.7335987333555
786,1,Victim,1,0,Male,63.6590954208078
787,1,Victim,1,0,Male,57.2923247463584
788,1,Victim,1,0,Male,74.0118452357908
789,1,Victim,1,0,Male,61.3532050597361
790,1,Victim,1,0,Male,69.2524752025253
791,1,Victim,1,0,Male,65.034294684951
792,1,Victim,1,0,Male,67.2368283370294
793,1,Victim,1,0,Male,75.8774637067405
794,1,Victim,1,0,Male,79.6010950123826
795,1,Victim,1,0,Male,82.6807921458669
796,1,Victim,1,0,Male,51.8702379617808
797,1,Victim,1,0,Male,64.2015449779803
798,1,Victim,1,0,Male,75.5883966631246
799,1,Victim,1,0,Male,63.9641698096642
800,1,Victim,1,0,Male,97.5163774360206
801,1,Victim,1,0,Male,74.5415745590771
802,1,Victim,1,0,Male,58.7152302574957
803,1,Victim,1,0,Male,74.9440023052483
804,1,Victim,1,0,Male,73.8285648395613
805,1,Victim,1,0,Male,78.7004518740671
806,1,Victim,1,0,Male,76.9473776027738
807,1,Victim,1,0,Male,64.3968043676687
808,1,Victim,1,0,Male,82.7070985332347
809,1,Victim,1,0,Male,63.8036594343805
810,1,Victim,1,0,Male,71.9617059033739
811,1,Victim,1,0,Male,83.2903331635773
812,1,Victim,1,0,Male,49.4242384388855
813,1,Victim,1,0,Male,74.0799878479764
814,1,Victim,1,0,Male,77.0989543516646
815,1,Victim,1,0,Male,65.4816045247093
816,1,Victim,1,0,Male,60.9224152332932
817,1,Victim,1,0,Male,53.3045986679708
818,1,Victim,1,0,Male,65.3170467781149
819,1,Victim,1,0,Male,66.5505608075918
820,1,Victim,1,0,Male,64.9059135114742
821,1,Victim,1,0,Male,53.2684637851836
822,1,Victim,1,0,Male,92.3591788755944
823,1,Victim,1,0,Male,76.3421537572633
824,1,Victim,1,0,Male,66.2766879002215
825,1,Victim,1,0,Male,85.6261516350225
826,1,Victim,1,0,Male,69.9543100257037
827,1,Victim,1,0,Male,71.5909905267539
828,1,Victim,1,0,Male,79.9663381963697
829,1,Victim,1,0,Male,74.3025011060003
830,1,Victim,1,0,Male,79.1419139650966
831,1,Victim,1,0,Male,91.0505902064437
832,1,Victim,1,0,Male,83.843216348519
833,1,Victim,1,0,Male,74.9711705664363
834,1,Victim,1,0,Male,60.9363602110107
835,1,Victim,1,0,Male,68.0270135301121
836,1,Victim,1,0,Male,62.1690084351591
837,1,Victim,1,0,Male,79.3579955160368
838,1,Victim,1,0,Male,69.697785798941
839,1,Victim,1,0,Male,55.9436778542631
840,1,Victim,1,0,Male,70.3033089963425
841,1,Victim,1,0,Male,84.3943538208543
842,1,Victim,1,0,Male,62.5701708767469
843,1,Victim,1,0,Male,67.8233948592376
844,1,Victim,1,0,Male,79.1657686330381
845,1,Victim,1,0,Male,72.7785688744737
846,1,Victim,1,0,Male,59.6864839612567
847,1,Victim,1,0,Male,71.0804650653623
848,1,Victim,1,0,Male,58.9604814795468
849,1,Victim,1,0,Male,64.1346541212709
850,1,Victim,1,0,Male,69.5651501303041
851,1,Victim,1,0,Male,56.2696910275025
852,1,Victim,1,0,Male,60.1997085384157
853,1,Victim,1,0,Male,64.6427858656402
854,1,Victim,1,0,Male,70.4805398141628
855,1,Victim,1,0,Male,73.7343567418612
856,1,Victim,1,0,Male,79.6603669826862
857,1,Victim,1,0,Male,66.1221464494762
858,1,Victim,1,0,Male,76.3301259438743
859,1,Victim,1,0,Male,67.2292280208747
860,1,Victim,1,0,Male,73.7959607901687
861,1,Victim,1,0,Male,69.776992792316
862,1,Victim,1,0,Male,62.2134379290032
863,1,Victim,1,0,Male,53.6640392442368
864,1,Victim,1,0,Male,78.5403621041797
865,1,Victim,1,0,Male,51.5908147008759
866,1,Victim,1,0,Male,70.6479742216131
867,1,Victim,1,0,Male,72.22339507504
868,1,Victim,1,0,Male,45.5410561117143
869,1,Victim,1,0,Male,68.6019518814197
870,1,Victim,1,0,Male,84.0620340528062
871,1,Victim,1,0,Male,51.3867538970754
872,1,Victim,1,0,Male,63.5240187727769
873,1,Victim,1,0,Male,85.9948228715579
874,1,Victim,1,0,Male,78.6185770183595
875,1,Victim,1,0,Male,80.5898589205065
876,1,Victim,1,1,Female,68.240679010755
877,1,Victim,1,1,Female,59.286519451891
878,1,Victim,1,1,Female,54.9220922741235
879,1,Victim,1,1,Female,73.9045861243307
880,1,Victim,1,1,Female,88.6885075531416
881,1,Victim,1,1,Female,71.7036835705246
882,1,Victim,1,1,Female,71.189117907248
883,1,Victim,1,1,Female,70.7101550160499
884,1,Victim,1,1,Female,79.8712308514098
885,1,Victim,1,1,Female,85.1204906791833
886,1,Victim,1,1,Female,80.1374386189366
887,1,Victim,1,1,Female,68.5998941467301
888,1,Victim,1,1,Female,71.7213781700408
889,1,Victim,1,1,Female,73.4620328296905
890,1,Victim,1,1,Female,76.0956843594262
891,1,Victim,1,1,Female,57.2735752022867
892,1,Victim,1,1,Female,74.9302763333594
893,1,Victim,1,1,Female,86.1505753975875
894,1,Victim,1,1,Female,75.3806600843466
895,1,Victim,1,1,Female,75.2516766063794
896,1,Victim,1,1,Female,66.3748569687383
897,1,Victim,1,1,Female,64.8170313035531
898,1,Victim,1,1,Female,77.0820883641977
899,1,Victim,1,1,Female,63.2367557133597
900,1,Victim,1,1,Female,84.618926813496
901,1,Victim,1,1,Female,78.1408018759532
902,1,Victim,1,1,Female,84.2393044211614
903,1,Victim,1,1,Female,68.372988012318
904,1,Victim,1,1,Female,80.7553282159392
905,1,Victim,1,1,Female,63.6002300051799
906,1,Victim,1,1,Female,68.7578521184102
907,1,Victim,1,1,Female,80.2606601457981
908,1,Victim,1,1,Female,61.8142307849718
909,1,Victim,1,1,Female,82.8997338540382
910,1,Victim,1,1,Female,79.0985388208184
911,1,Victim,1,1,Female,80.8199958319138
912,1,Victim,1,1,Female,65.180906886148
913,1,Victim,1,1,Female,82.6024659130747
914,1,Victim,1,1,Female,81.7649391561692
915,1,Victim,1,1,Female,56.2333427718961
916,1,Victim,1,1,Female,57.501374202099
917,1,Victim,1,1,Female,57.7395266401938
918,1,Victim,1,1,Female,69.2086000744734
919,1,Victim,1,1,Female,79.2429230434531
920,1,Victim,1,1,Female,68.0587957210001
921,1,Victim,1,1,Female,56.8661511032074
922,1,Victim,1,1,Female,69.9624135288612
923,1,Victim,1,1,Female,83.4958852474404
924,1,Victim,1,1,Female,67.1964691143541
925,1,Victim,1,1,Female,66.6057259718584
926,1,Victim,1,1,Female,95.490947232647
927,1,Victim,1,1,Female,55.2618884058327
928,1,Victim,1,1,Female,50.3348658448399
929,1,Victim,1,1,Female,77.131962376445
930,1,Victim,1,1,Female,76.070822234836
931,1,Victim,1,1,Female,79.5928740377436
932,1,Victim,1,1,Female,73.6178458116247
933,1,Victim,1,1,Female,71.8529205549334
934,1,Victim,1,1,Female,68.2545945920177
935,1,Victim,1,1,Female,62.6495891814121
936,1,Victim,1,1,Female,58.3187679305367
937,1,Victim,1,1,Female,93.973692557132
938,1,Victim,1,1,Female,76.6707484477403
939,1,Victim,1,1,Female,77.2968908454169
940,1,Victim,1,1,Female,73.3116161364397
941,1,Victim,1,1,Female,66.5656245250959
942,1,Victim,1,1,Female,86.6231343744163
943,1,Victim,1,1,Female,77.7930751558994
944,1,Victim,1,1,Female,62.9507517981818
945,1,Victim,1,1,Female,65.9452882069347
946,1,Victim,1,1,Female,68.2772855802347
947,1,Victim,1,1,Female,66.2345274131958
948,1,Victim,1,1,Female,67.9874992650389
949,1,Victim,1,1,Female,82.030493649418
950,1,Victim,1,1,Female,74.2946993688807
951,1,Victim,1,1,Female,76.8239547634041
952,1,Victim,1,1,Female,67.2544865479598
953,1,Victim,1,1,Female,68.1755014709868
954,1,Victim,1,1,Female,72.2536829983357
955,1,Victim,1,1,Female,69.5900639719551
956,1,Victim,1,1,Female,87.4706061449438
957,1,Victim,1,1,Female,84.9664747752218
958,1,Victim,1,1,Female,77.3178818383493
959,1,Victim,1,1,Female,72.1767051345235
960,1,Victim,1,1,Female,64.9783444862132
961,1,Victim,1,1,Female,80.5435994264359
962,1,Victim,1,1,Female,66.1706264889063
963,1,Victim,1,1,Female,74.3434960415186
964,1,Victim,1,1,Female,73.5431010977523
965,1,Victim,1,1,Female,69.6915973150627
966,1,Victim,1,1,Female,87.4180325984763
967,1,Victim,1,1,Female,92.5138874723587
968,1,Victim,1,1,Female,81.6317905721026
969,1,Victim,1,1,Female,63.7598443245985
970,1,Victim,1,1,Female,79.906101041973
971,1,Victim,1,1,Female,77.9860437946065
972,1,Victim,1,1,Female,85.9878405654365
973,1,Victim,1,1,Female,63.3939725526025
974,1,Victim,1,1,Female,80.4779672977335
975,1,Victim,1,1,Female,75.3296214437567
976,1,Victim,1,1,Female,78.5330230362168
977,1,Victim,1,1,Female,100
978,1,Victim,1,1,Female,94.811791736292
979,1,Victim,1,1,Female,66.1636620276616
980,1,Victim,1,1,Female,79.5471101857451
981,1,Victim,1,1,Female,61.3292396106639
982,1,Victim,1,1,Female,80.8154476722857
983,1,Victim,1,1,Female,68.9874848512835
984,1,Victim,1,1,Female,74.1795746927473
985,1,Victim,1,1,Female,92.7836394708187
986,1,Victim,1,1,Female,81.1355906939456
987,1,Victim,1,1,Female,59.9389978227146
988,1,Victim,1,1,Female,79.5708023555851
989,1,Victim,1,1,Female,69.9244480895044
990,1,Victim,1,1,Female,78.5588223016584
991,1,Victim,1,1,Female,66.8914068084379
992,1,Victim,1,1,Female,69.330523811208
993,1,Victim,1,1,Female,77.0244234113382
994,1,Victim,1,1,Female,90.0556642848119
995,1,Victim,1,1,Female,77.6487450877576
996,1,Victim,1,1,Female,72.9662994955255
997,1,Victim,1,1,Female,65.9291905106411
998,1,Victim,1,1,Female,95.2872590493676
999,1,Victim,1,1,Female,92.6221574794373
1000,1,Victim,1,1,Female,81.9741794249879
