cntry,female,agea,eduyrs,race_intel,race_work,race_better,freq_contact
DE,0,52,12,0,0,0,1
DE,1,52,17,0,0,0,1
DE,0,62,19,0,0,1,1
DE,1,62,12,0,0,1,1
DE,1,20,14,0,1,NA,1
DE,0,49,17,0,0,0,1
DE,0,63,18,0,0,0,0
DE,1,32,13,0,1,0,1
DE,1,66,13,0,NA,1,0
DE,0,15,9,0,0,0,1
DE,1,41,14,0,0,NA,1
DE,1,78,17,1,1,1,1
DE,0,54,17,0,0,0,1
DE,0,75,12,0,0,1,1
DE,0,57,20,0,1,1,1
DE,0,35,22,0,0,0,1
DE,1,25,10,0,0,0,1
DE,1,48,19,0,0,0,0
DE,0,33,12,1,1,1,1
DE,1,43,16,1,0,1,1
DE,1,67,13,0,0,0,0
DE,0,15,9,0,0,1,1
DE,0,55,8,0,0,1,1
DE,0,62,12,0,0,0,1
DE,1,50,18,0,1,0,1
DE,0,72,15,0,0,1,1
DE,0,16,9,0,0,0,0
DE,1,16,10,0,0,1,0
DE,1,46,14,0,0,0,1
DE,1,20,12,0,0,0,1
DE,1,59,17,0,0,1,1
DE,1,66,22,0,1,0,0
DE,1,63,13,0,1,1,1
DE,1,68,10,0,1,1,1
DE,1,44,21,0,0,NA,0
DE,1,63,16,0,1,1,1
DE,1,15,10,0,0,0,1
DE,1,81,11,0,0,1,1
DE,1,26,20,0,1,1,1
DE,1,69,11,0,0,0,0
DE,0,34,15,0,0,0,1
DE,0,54,10,0,0,1,1
DE,0,74,12,1,1,1,0
DE,1,71,11,0,0,1,1
DE,1,16,11,0,1,1,1
DE,0,35,13,1,1,1,1
DE,1,20,14,0,1,1,1
DE,0,25,15,0,0,0,1
DE,0,79,13,0,0,1,1
DE,0,47,17,1,1,1,1
DE,0,22,16,0,0,0,1
DE,0,67,12,0,0,1,1
DE,0,56,16,0,0,1,1
DE,1,50,12,0,1,0,1
DE,0,28,13,0,0,1,1
DE,1,69,16,0,0,0,1
DE,0,51,14,0,0,1,1
DE,0,33,17,0,1,1,1
DE,0,80,15,1,0,NA,1
DE,1,56,19,0,1,1,1
DE,1,30,23,0,0,0,1
DE,0,46,19,0,1,1,0
DE,1,56,13,0,0,0,0
DE,1,25,16,0,0,0,1
DE,0,28,18,0,1,0,1
DE,0,46,16,0,0,0,1
DE,1,75,11,0,0,0,0
DE,0,64,13,0,0,1,0
DE,0,76,13,0,1,0,1
DE,0,43,14,0,0,NA,1
DE,1,76,13,0,0,1,1
DE,1,26,14,0,1,1,1
DE,0,40,19,0,0,1,1
DE,1,64,15,0,0,0,1
DE,0,78,12,1,1,1,0
DE,0,48,12,0,0,1,1
DE,0,51,12,0,1,1,1
DE,1,53,16,0,0,1,1
DE,1,71,12,0,0,1,1
DE,0,20,13,0,1,1,1
DE,1,54,15,1,1,1,1
DE,0,17,12,0,1,0,1
DE,0,48,11,0,0,0,1
DE,0,18,11,0,0,0,1
DE,0,58,12,0,0,0,1
DE,0,64,13,1,1,1,1
DE,1,49,12,0,1,0,0
DE,0,55,19,0,1,0,1
DE,1,57,16,0,0,0,0
DE,1,51,12,0,0,0,1
DE,1,57,15,0,1,1,1
DE,0,33,13,0,1,1,0
DE,0,33,15,0,1,1,1
DE,1,64,13,0,0,0,1
DE,0,73,19,0,1,0,0
DE,0,63,13,0,0,1,1
DE,0,40,16,0,0,0,1
DE,1,70,12,0,0,0,0
DE,1,34,21,0,0,0,1
DE,1,37,15,0,1,0,1
DE,1,63,12,0,1,0,1
DE,0,78,11,0,1,1,1
DE,1,72,11,0,1,1,0
DE,1,86,9,0,0,0,1
DE,1,22,13,0,0,0,1
DE,0,66,22,1,1,1,1
DE,1,28,13,0,1,0,1
DE,1,60,11,0,0,1,1
DE,0,31,14,0,0,0,1
DE,0,31,17,0,1,0,1
DE,1,NA,8,0,1,1,0
DE,1,50,15,0,1,1,1
DE,1,32,22,0,0,0,1
DE,1,23,15,0,1,0,1
DE,0,51,18,0,0,0,1
DE,1,56,13,0,0,NA,0
DE,1,54,13,1,NA,1,1
DE,0,68,22,0,0,NA,1
DE,0,22,14,0,1,0,1
DE,0,53,17,0,0,0,1
DE,0,75,13,0,1,0,0
DE,1,67,15,0,0,1,0
DE,0,26,18,0,0,0,1
DE,1,77,11,0,0,1,1
DE,1,75,10,0,1,1,1
DE,1,64,17,0,1,0,1
DE,0,33,20,0,0,1,1
DE,0,71,20,0,0,0,1
DE,0,68,16,0,0,0,0
DE,1,70,13,0,0,1,1
DE,0,40,15,0,1,1,1
DE,0,63,15,0,1,1,1
DE,0,32,19,0,0,0,1
DE,0,28,13,0,0,0,1
DE,1,50,17,0,1,0,1
DE,1,59,12,0,0,0,1
DE,0,30,13,0,0,0,NA
DE,1,56,14,0,1,NA,1
DE,1,16,10,0,1,1,1
DE,1,70,20,0,0,0,1
DE,1,58,14,0,1,0,1
DE,1,62,19,0,0,0,1
DE,0,24,16,0,0,1,1
DE,0,49,13,0,1,0,1
DE,0,34,17,0,1,1,1
DE,1,19,13,0,0,0,1
DE,1,48,13,1,0,0,0
DE,0,50,13,0,0,0,1
DE,1,87,9,0,1,1,0
DE,0,17,10,0,0,1,1
DE,1,50,11,0,0,1,0
DE,1,56,20,0,0,0,1
DE,1,55,23,0,0,0,1
DE,0,66,22,0,1,0,0
DE,0,65,21,0,1,NA,1
DE,1,74,18,0,0,0,1
DE,0,53,16,0,1,1,1
DE,0,73,11,0,0,0,0
DE,0,47,15,0,NA,1,1
DE,0,44,18,0,0,0,1
DE,1,36,17,0,1,0,0
DE,0,58,20,0,0,0,1
DE,0,58,16,0,0,1,1
DE,0,28,12,0,0,0,1
DE,1,83,11,0,0,0,0
DE,1,66,11,0,0,1,1
DE,1,45,8,0,0,0,1
DE,0,70,18,0,0,0,1
DE,0,21,14,0,0,0,1
DE,0,34,14,0,1,0,1
DE,0,47,10,1,0,0,1
DE,0,33,19,0,0,1,1
DE,0,56,20,0,0,0,1
DE,1,67,13,0,0,0,1
DE,0,64,16,0,0,1,1
DE,1,57,16,0,1,0,1
DE,1,19,12,0,1,0,1
DE,1,33,13,0,1,0,1
DE,0,52,7,1,1,1,1
DE,1,25,14,0,1,0,1
DE,1,39,15,0,0,0,1
DE,1,38,15,1,1,0,1
DE,0,43,18,0,0,1,1
DE,0,21,13,0,NA,0,1
DE,1,53,17,1,1,NA,0
DE,1,57,14,0,1,1,1
DE,1,26,16,0,0,0,1
DE,0,48,13,0,0,0,1
DE,1,58,17,0,0,NA,1
DE,0,57,22,0,0,0,1
DE,1,60,17,0,0,0,1
DE,0,64,17,0,1,0,1
DE,0,35,13,0,0,0,1
DE,1,83,8,0,NA,1,1
DE,1,64,11,0,1,0,0
DE,0,47,14,0,1,NA,0
DE,1,71,8,1,0,NA,0
DE,0,61,11,0,0,NA,1
DE,1,79,8,1,1,1,1
DE,0,62,15,0,0,0,1
DE,0,27,13,0,0,0,1
DE,1,77,8,NA,NA,0,0
DE,1,31,13,1,0,1,1
DE,0,73,18,0,1,0,1
DE,1,36,30,0,0,0,1
DE,0,19,12,0,0,0,1
DE,0,NA,12,0,1,0,1
DE,0,63,20,1,1,1,1
DE,0,36,14,1,1,0,1
DE,1,24,15,0,0,0,1
DE,0,53,14,0,0,0,1
DE,1,56,13,0,0,1,1
DE,1,81,13,1,1,1,1
DE,0,53,14,0,0,0,1
DE,0,79,10,0,1,1,0
DE,1,58,20,0,0,0,1
DE,1,17,11,0,0,1,1
DE,1,27,17,0,0,0,1
DE,0,54,19,0,0,0,1
DE,1,60,14,0,0,0,0
DE,0,69,12,0,0,0,0
DE,1,59,13,0,0,1,1
DE,0,19,13,0,0,0,1
DE,1,44,15,0,0,0,1
DE,0,66,12,0,1,0,1
DE,0,47,10,1,1,1,1
DE,0,43,17,0,1,0,1
DE,0,75,14,0,NA,1,1
DE,0,22,14,0,0,0,1
DE,0,22,15,0,1,0,0
DE,0,34,16,0,0,1,1
DE,0,53,14,1,1,0,1
DE,1,34,13,0,0,1,0
DE,0,46,20,0,1,0,1
DE,0,62,14,0,1,1,1
DE,0,28,19,0,1,1,1
DE,0,79,10,0,1,1,1
DE,1,16,10,0,0,1,1
DE,0,15,9,0,0,1,1
DE,0,66,13,0,0,1,0
DE,1,30,20,0,0,0,1
DE,1,57,20,0,1,1,0
DE,0,22,12,1,1,0,1
DE,1,24,15,0,0,0,1
DE,0,72,14,0,0,0,1
DE,0,58,13,0,1,1,1
DE,1,73,9,0,0,1,1
DE,0,25,14,0,1,0,1
DE,0,47,12,0,1,NA,1
DE,1,49,10,0,1,0,1
DE,0,28,10,0,1,0,1
DE,1,20,14,0,1,0,1
DE,1,54,14,0,0,0,1
DE,0,70,12,0,0,0,1
DE,1,61,19,0,0,0,0
DE,1,41,13,0,1,0,1
DE,1,59,11,1,1,1,1
DE,1,60,14,0,1,1,1
DE,1,67,12,0,0,NA,0
DE,0,64,12,0,0,0,1
DE,0,62,12,0,0,0,1
DE,0,47,22,0,0,1,1
DE,1,58,12,0,0,0,1
DE,0,59,12,0,1,0,0
DE,1,55,14,0,0,0,1
DE,0,25,17,0,0,0,1
DE,0,59,13,0,0,1,1
DE,0,49,14,1,1,1,1
DE,0,58,13,0,0,0,1
DE,1,19,13,0,1,1,0
DE,1,61,13,0,0,1,1
DE,1,93,13,0,1,0,0
DE,1,46,10,0,1,0,1
DE,1,42,18,0,0,0,1
DE,0,37,15,NA,NA,NA,0
DE,1,77,9,0,0,1,1
DE,0,23,15,0,0,0,1
DE,0,58,13,0,0,NA,0
DE,0,86,11,1,1,0,1
DE,0,67,20,0,0,1,1
DE,1,27,16,0,0,0,1
DE,0,52,21,0,0,0,1
DE,0,51,13,0,0,0,1
DE,1,59,11,0,0,0,1
DE,0,65,14,0,0,1,0
DE,1,62,13,0,0,0,1
DE,0,46,18,0,0,1,1
DE,0,72,17,0,1,0,1
DE,0,50,14,1,1,0,1
DE,0,57,20,1,1,1,1
DE,1,36,18,0,0,0,0
DE,1,55,13,0,1,0,1
DE,1,61,15,0,0,1,0
DE,0,28,16,0,0,0,1
DE,1,29,16,0,1,1,1
DE,0,29,16,0,0,0,1
DE,0,28,13,0,0,0,1
DE,1,31,16,0,1,0,1
DE,0,55,12,0,0,NA,1
DE,1,65,8,0,0,0,1
DE,0,22,15,0,0,0,1
DE,1,50,11,0,0,0,1
DE,0,65,17,NA,NA,1,1
DE,1,17,10,0,0,0,1
DE,1,50,15,0,1,1,1
DE,0,54,13,0,1,0,1
DE,0,70,9,0,1,1,1
DE,0,44,12,0,1,NA,1
DE,0,56,21,0,1,1,1
DE,0,22,15,0,1,1,1
DE,0,79,12,0,1,0,1
DE,0,60,12,0,1,0,1
DE,0,21,16,0,0,0,1
DE,0,27,17,0,1,1,1
DE,1,17,10,0,0,0,1
DE,0,49,11,0,0,0,1
DE,1,56,11,0,0,1,1
DE,1,74,22,0,0,0,1
DE,1,37,22,0,0,NA,1
DE,1,42,16,0,0,0,1
DE,0,25,9,0,0,0,0
DE,0,52,12,0,1,1,1
DE,0,58,19,0,1,NA,1
DE,1,51,14,0,0,0,1
DE,1,71,14,0,1,0,0
DE,1,54,14,0,1,0,1
DE,1,40,12,NA,0,NA,1
DE,0,20,10,0,1,0,0
DE,0,77,11,0,0,0,1
DE,0,18,13,0,1,0,1
DE,0,47,15,0,0,0,1
DE,1,18,12,0,1,1,0
DE,1,62,11,0,0,0,1
DE,1,51,15,0,1,1,0
DE,1,69,13,0,1,1,1
DE,1,52,17,0,0,0,1
DE,0,37,17,0,0,0,1
DE,1,51,13,0,0,0,1
DE,1,82,8,0,0,0,1
DE,0,87,9,0,0,NA,0
DE,1,26,18,0,0,0,1
DE,0,75,13,0,0,1,0
DE,0,64,17,0,0,0,1
DE,1,48,13,0,1,0,1
DE,0,18,8,1,1,1,1
DE,0,28,19,0,0,0,1
DE,0,84,8,0,0,0,0
DE,1,70,17,0,0,0,1
DE,0,24,9,0,0,1,1
DE,0,17,10,0,0,0,1
DE,1,22,15,0,1,1,1
DE,0,58,13,0,1,0,0
DE,0,46,10,0,0,0,1
DE,0,19,12,0,NA,NA,1
DE,0,77,10,0,1,1,0
DE,1,78,11,0,1,1,1
DE,1,52,12,0,1,1,1
DE,0,67,21,0,1,0,1
DE,0,50,15,0,1,0,1
DE,0,53,20,0,0,1,1
DE,0,46,12,0,1,1,0
DE,0,25,17,0,1,0,1
DE,0,50,15,0,1,0,0
DE,1,62,11,0,0,0,0
DE,0,55,20,0,0,0,1
DE,0,59,16,0,0,1,0
DE,0,73,14,0,0,0,0
DE,1,41,10,0,0,0,1
DE,0,79,9,0,1,0,0
DE,0,53,20,0,0,0,1
DE,1,81,14,0,0,0,0
DE,1,59,19,0,0,0,1
DE,1,59,18,0,1,0,1
DE,1,73,12,0,0,1,1
DE,1,77,10,0,1,0,0
DE,1,62,12,0,0,0,1
DE,0,38,18,0,0,0,1
DE,1,43,12,0,0,0,1
DE,1,57,19,0,0,0,1
DE,0,61,13,0,0,0,1
DE,1,45,14,0,0,0,1
DE,0,56,12,0,0,0,1
DE,1,69,13,0,1,0,0
DE,1,36,20,0,0,0,1
DE,1,67,11,0,0,0,1
DE,1,53,21,0,0,0,1
DE,1,66,11,0,0,NA,1
DE,1,27,17,0,1,0,1
DE,0,67,13,1,1,1,1
DE,0,39,15,0,1,0,1
DE,0,50,13,0,0,0,1
DE,0,66,11,0,0,0,0
DE,1,34,25,0,0,0,1
DE,0,78,13,0,0,0,1
DE,1,34,20,0,0,0,1
DE,0,59,13,0,1,0,1
DE,0,67,15,1,1,1,0
DE,0,46,17,0,1,0,1
DE,0,75,5,0,1,0,1
DE,1,60,16,0,1,1,1
DE,0,38,18,0,0,1,1
DE,1,42,12,0,0,0,1
DE,1,33,17,0,0,0,1
DE,0,75,13,0,1,1,1
DE,0,24,13,1,1,1,1
DE,0,61,17,0,1,0,1
DE,1,59,15,0,0,1,1
DE,0,71,11,0,0,1,1
DE,1,65,12,0,0,0,1
DE,1,57,17,0,1,1,1
DE,1,74,14,0,0,0,1
DE,1,58,11,1,1,1,1
DE,0,74,13,0,0,0,0
DE,0,52,15,0,0,0,1
DE,1,41,18,0,0,0,1
DE,0,60,13,0,0,1,1
DE,1,20,13,0,1,1,1
DE,0,50,12,0,1,1,1
DE,0,76,13,0,0,0,0
DE,1,77,4,0,1,1,0
DE,1,18,12,0,0,0,1
DE,0,73,15,0,0,0,0
DE,1,NA,NA,0,1,1,1
DE,0,34,15,0,0,0,1
DE,1,47,18,0,0,1,1
DE,0,56,17,0,0,0,1
DE,1,43,13,0,1,1,1
DE,0,76,11,0,0,0,1
DE,0,63,13,1,1,1,1
DE,0,50,18,0,0,1,1
DE,0,33,10,1,1,0,1
DE,1,68,11,0,0,0,1
DE,0,75,21,0,1,NA,1
DE,1,30,17,0,1,1,1
DE,1,72,11,0,0,0,1
DE,1,48,18,0,0,0,1
DE,1,22,16,0,0,1,1
DE,1,73,10,1,1,1,0
DE,1,72,12,0,0,0,1
DE,1,17,11,0,1,0,1
DE,0,67,18,1,1,1,1
DE,0,58,18,0,0,NA,1
DE,0,51,15,0,0,0,1
DE,1,38,14,0,0,0,1
DE,1,56,12,0,1,0,1
DE,0,49,17,0,0,1,1
DE,1,16,10,0,1,0,1
DE,1,64,10,0,1,0,1
DE,1,45,16,0,1,1,1
DE,1,19,12,0,1,0,1
DE,1,58,13,0,0,0,1
DE,1,49,18,0,0,0,1
DE,0,59,14,0,1,0,1
DE,1,73,10,0,1,0,1
DE,1,66,18,0,0,0,0
DE,0,51,18,0,1,0,1
DE,1,85,8,1,1,0,0
DE,1,71,11,0,0,0,1
DE,0,44,15,0,0,0,1
DE,1,26,19,0,0,0,1
DE,0,62,8,0,0,1,1
DE,0,20,13,1,1,0,1
DE,1,30,23,0,0,0,1
DE,0,84,8,0,0,0,1
DE,0,30,19,0,0,0,1
DE,0,89,10,0,1,0,1
DE,0,38,16,0,1,1,1
DE,0,46,13,0,0,0,1
DE,1,87,8,0,0,NA,0
DE,1,89,8,1,0,0,1
DE,1,36,13,0,0,0,1
DE,1,68,11,0,1,0,1
DE,1,46,16,0,0,0,0
DE,1,21,15,0,0,0,1
DE,0,76,11,0,0,0,1
DE,0,22,12,0,0,0,1
DE,0,47,14,1,1,1,1
DE,0,65,17,0,0,0,1
DE,0,52,23,0,0,0,1
DE,1,34,11,0,0,0,0
DE,1,47,13,0,1,1,1
DE,0,59,12,0,0,0,1
DE,1,17,11,0,0,0,1
DE,1,39,13,0,1,1,1
DE,0,34,17,0,0,1,1
DE,0,76,14,1,1,0,1
DE,1,47,17,0,0,0,1
DE,0,70,15,0,1,1,1
DE,0,35,12,0,0,0,1
DE,1,91,17,0,0,NA,1
DE,1,17,10,0,0,0,1
DE,0,45,13,0,0,0,0
DE,0,25,10,0,0,0,1
DE,0,49,12,0,1,1,0
DE,1,18,10,1,0,0,1
DE,1,40,13,0,1,0,1
DE,0,51,13,1,1,1,1
DE,1,49,13,0,0,0,1
DE,0,58,16,0,1,1,1
DE,1,26,16,0,1,0,1
DE,1,73,12,0,0,1,0
DE,0,29,12,0,0,0,1
DE,1,32,18,0,0,0,1
DE,1,48,13,0,0,1,1
DE,0,51,16,0,0,NA,1
DE,1,25,14,0,1,0,1
DE,1,55,13,0,0,0,1
DE,1,54,17,0,0,0,0
DE,1,50,16,0,0,1,1
DE,0,26,17,0,0,0,1
DE,0,63,16,0,0,1,1
DE,0,68,11,0,0,0,1
DE,0,46,14,0,0,0,1
DE,0,59,14,0,0,0,1
DE,1,45,13,0,0,0,1
DE,1,55,15,0,1,NA,1
DE,1,17,11,0,0,0,1
DE,1,75,8,0,1,1,0
DE,0,49,16,0,0,0,1
DE,0,75,18,0,1,0,NA
DE,1,30,14,0,1,1,0
DE,0,77,11,0,1,1,1
DE,1,46,13,0,0,0,0
DE,1,63,17,0,0,0,0
DE,1,53,20,0,1,0,1
DE,1,18,12,0,1,0,1
DE,0,47,19,0,1,0,1
DE,0,47,18,0,0,0,1
DE,1,32,13,0,1,0,1
DE,1,47,15,0,1,0,1
DE,0,60,13,0,0,1,0
DE,0,25,15,0,1,0,1
DE,0,38,20,0,1,0,1
DE,1,37,12,0,0,1,1
DE,0,36,17,1,1,1,1
DE,0,15,9,0,0,0,1
DE,1,36,19,0,0,0,1
DE,1,53,8,0,1,1,1
DE,1,41,12,NA,1,0,1
DE,0,74,14,NA,1,NA,0
DE,0,22,16,0,0,0,1
DE,0,73,15,0,1,0,1
DE,1,22,10,0,1,0,1
DE,1,NA,12,0,0,0,1
DE,0,41,19,0,0,1,1
DE,1,34,15,0,0,1,1
DE,0,NA,11,0,0,1,1
DE,0,18,13,0,0,0,1
DE,1,30,14,0,0,0,0
DE,1,62,6,0,0,0,1
DE,0,36,12,0,0,0,1
DE,1,25,14,0,0,0,1
DE,1,41,13,0,1,0,1
DE,1,25,12,0,1,0,1
DE,1,28,17,0,1,0,1
DE,0,62,14,0,0,1,1
DE,1,67,16,0,NA,NA,0
DE,1,56,13,0,0,NA,1
DE,1,47,19,0,0,1,1
DE,0,62,13,0,1,1,1
DE,0,54,14,0,0,0,1
DE,0,65,10,0,1,1,1
DE,0,49,15,1,1,0,1
DE,0,75,20,1,1,0,1
DE,1,37,15,0,1,1,1
DE,0,30,12,0,1,0,1
DE,0,64,17,0,0,NA,1
DE,0,24,16,0,1,0,1
DE,0,63,14,0,1,0,1
DE,1,41,18,0,0,1,1
DE,1,37,12,0,0,0,1
DE,0,67,14,0,0,0,1
DE,0,21,13,0,0,0,1
DE,1,51,12,0,0,0,1
DE,1,52,15,0,NA,NA,0
DE,1,30,14,0,0,0,1
DE,0,36,13,0,0,0,1
DE,1,31,13,0,1,1,1
DE,1,41,13,0,0,1,1
DE,1,40,13,0,1,0,1
DE,0,73,16,0,0,0,0
DE,1,50,14,0,0,0,1
DE,0,37,13,0,1,1,1
DE,0,50,17,0,1,1,1
DE,0,55,12,0,1,1,1
DE,0,61,20,0,0,0,1
DE,1,78,8,0,0,1,1
DE,0,71,12,0,0,1,0
DE,0,54,17,0,0,1,0
DE,1,53,14,0,0,0,1
DE,1,43,16,0,1,1,0
DE,1,40,13,1,1,1,0
DE,1,54,12,0,1,1,1
DE,1,41,14,0,0,1,1
DE,0,29,15,1,1,1,1
DE,1,28,15,1,1,1,1
DE,1,82,8,0,1,0,0
DE,0,33,8,0,0,1,1
DE,1,74,11,0,1,NA,1
DE,0,23,16,0,1,0,1
DE,1,42,17,0,1,NA,1
DE,0,73,11,1,0,1,1
DE,0,60,19,0,0,0,1
DE,1,44,13,0,0,0,1
DE,0,20,13,0,1,1,1
DE,1,42,14,0,1,1,1
DE,0,60,19,0,0,NA,1
DE,0,74,12,0,0,0,1
DE,1,65,15,1,0,1,1
DE,0,43,20,0,0,1,1
DE,0,78,14,0,1,0,0
DE,0,49,13,0,0,0,1
DE,0,35,16,1,1,0,1
DE,1,25,15,0,1,0,1
DE,0,61,16,0,0,1,1
DE,0,81,15,0,0,NA,1
DE,0,70,17,0,1,0,1
DE,1,42,16,0,0,1,1
DE,1,46,12,1,1,0,1
DE,0,31,17,0,0,0,1
DE,0,33,19,1,1,1,1
DE,1,56,14,0,0,1,1
DE,0,58,18,0,0,0,0
DE,1,36,21,0,0,0,1
DE,1,44,22,0,0,0,1
DE,0,57,14,0,0,NA,1
DE,1,77,8,NA,1,NA,1
DE,1,76,12,0,NA,0,0
DE,0,46,13,0,1,0,1
DE,0,58,19,0,0,1,1
DE,0,76,16,0,1,1,1
DE,1,57,16,1,1,0,1
DE,0,45,17,0,0,0,1
DE,1,69,16,1,1,1,1
DE,0,58,13,0,1,0,1
DE,0,26,17,1,1,0,1
DE,1,73,18,0,1,0,1
DE,0,44,13,0,0,0,1
DE,1,64,12,0,0,1,1
DE,1,28,17,NA,NA,NA,0
DE,1,80,14,0,1,1,1
DE,0,70,12,0,1,1,0
DE,1,62,13,0,1,1,1
DE,0,50,17,0,0,0,1
DE,0,30,15,0,1,1,1
DE,1,24,16,0,1,0,1
DE,0,36,26,0,0,NA,1
DE,1,25,18,0,1,0,1
DE,1,24,16,0,0,0,1
DE,1,59,9,1,0,1,1
DE,0,81,19,0,0,0,1
DE,0,47,11,0,0,1,0
DE,1,48,13,0,0,0,1
DE,1,43,16,0,0,0,1
DE,1,43,15,0,1,0,0
DE,0,65,12,0,1,0,1
DE,0,63,11,0,1,1,1
DE,1,76,8,0,1,1,1
DE,1,17,11,0,0,1,1
DE,0,38,20,0,0,1,1
DE,1,41,15,1,1,1,1
DE,1,48,13,0,0,1,0
DE,1,65,11,0,0,1,1
DE,1,57,12,0,0,0,0
DE,0,50,13,0,1,1,1
DE,0,43,20,0,0,1,1
DE,1,44,13,0,1,1,1
DE,0,39,13,0,1,1,1
DE,0,19,12,0,0,1,1
DE,0,25,15,0,0,0,1
DE,0,56,13,0,0,0,1
DE,0,76,16,1,1,0,1
DE,0,68,11,0,0,0,1
DE,0,65,17,0,0,1,1
DE,0,51,10,0,0,0,1
DE,0,60,13,0,1,0,0
DE,1,66,12,0,0,0,0
DE,0,20,12,0,0,0,1
DE,0,59,15,0,0,0,0
DE,0,70,15,0,1,1,1
DE,1,27,13,0,0,0,1
DE,1,51,16,0,0,1,1
DE,1,66,13,0,0,1,1
DE,0,63,12,0,0,0,1
DE,1,26,17,0,0,0,1
DE,0,57,14,0,0,0,1
DE,0,17,10,0,0,0,1
DE,0,70,13,0,0,0,1
DE,0,56,10,0,0,0,1
DE,1,75,10,0,0,1,0
DE,1,64,13,0,0,1,1
DE,0,76,18,0,0,0,1
DE,1,33,20,0,0,0,1
DE,0,29,17,0,1,0,1
DE,1,57,22,0,1,0,1
DE,1,38,17,0,1,0,1
DE,1,30,15,1,1,1,1
DE,1,40,15,1,0,1,0
DE,1,49,16,0,0,0,0
DE,1,51,13,1,1,1,1
DE,0,26,17,0,0,1,1
DE,0,50,12,0,1,NA,1
DE,1,22,15,0,1,0,1
DE,0,53,16,0,1,0,1
DE,1,50,10,0,0,0,1
DE,0,47,13,0,0,0,1
DE,0,44,13,0,0,NA,1
DE,0,47,18,0,1,0,1
DE,1,29,13,NA,1,0,1
DE,0,25,17,0,0,0,1
DE,1,45,13,0,0,0,0
DE,0,54,15,0,1,0,1
DE,0,39,15,0,1,0,1
DE,0,40,15,0,0,0,0
DE,1,66,15,0,0,0,1
DE,0,66,13,0,1,0,1
DE,1,52,11,0,0,0,1
DE,1,74,11,0,0,1,0
DE,0,55,14,0,1,1,1
DE,1,44,14,0,0,0,1
DE,0,66,16,0,0,0,0
DE,1,44,13,0,0,0,0
DE,0,62,12,NA,NA,1,1
DE,1,33,15,1,1,1,1
DE,1,55,11,1,1,1,1
DE,0,70,19,0,1,1,1
DE,1,16,10,0,1,0,1
DE,0,25,19,0,0,1,1
DE,0,55,10,0,0,0,1
DE,0,48,14,0,0,1,1
DE,1,62,16,0,0,0,1
DE,1,27,14,0,1,0,0
DE,0,65,18,0,0,1,1
DE,1,55,14,0,0,1,1
DE,1,15,9,0,1,0,1
DE,0,49,12,0,1,1,1
DE,0,54,20,0,0,0,0
DE,1,37,15,0,0,0,1
DE,0,35,15,0,0,0,1
DE,0,34,16,0,1,0,0
DE,0,16,10,1,1,0,1
DE,1,41,16,0,0,1,1
DE,0,56,20,0,1,1,1
DE,0,31,10,0,0,1,1
DE,0,51,9,0,1,NA,1
DE,1,83,8,0,1,1,0
DE,1,52,13,0,0,0,1
DE,0,50,13,1,0,1,0
DE,0,24,13,0,0,0,1
DE,0,68,11,0,0,1,1
DE,1,38,11,0,0,1,1
DE,0,75,18,0,0,1,0
DE,0,79,11,0,0,1,1
DE,1,74,10,NA,1,1,1
DE,0,75,11,0,0,NA,1
DE,1,81,10,NA,1,1,0
DE,0,62,13,1,1,1,1
DE,0,45,12,0,0,1,0
DE,0,29,13,0,1,1,1
DE,0,19,12,1,1,1,1
DE,0,47,13,1,1,0,1
DE,1,30,13,0,1,0,1
DE,0,45,14,0,1,0,1
DE,0,47,17,0,0,0,1
DE,1,23,13,0,0,0,1
DE,0,19,12,NA,NA,NA,NA
DE,1,41,13,0,0,0,1
DE,1,74,11,1,0,1,1
DE,0,78,14,1,0,0,0
DE,0,51,18,0,0,0,0
DE,1,68,14,0,0,0,1
DE,0,68,13,0,0,1,1
DE,0,75,23,0,0,0,1
DE,0,69,11,0,0,1,0
DE,1,65,8,1,1,1,1
DE,0,53,9,0,0,1,1
DE,0,66,12,1,1,0,1
DE,0,62,18,0,0,0,1
DE,1,65,11,0,0,0,1
DE,1,47,11,0,0,0,1
DE,1,38,24,0,0,0,1
DE,0,75,11,0,0,1,0
DE,0,37,9,0,0,1,1
DE,0,38,15,0,0,0,1
DE,1,24,12,0,1,0,1
DE,0,37,13,0,0,0,1
DE,0,57,9,0,NA,1,1
DE,0,63,13,0,0,0,0
DE,0,70,17,0,0,0,0
DE,0,65,11,0,0,0,0
DE,0,16,11,0,1,0,1
DE,1,59,13,1,0,0,1
DE,0,28,10,0,0,0,1
DE,1,32,16,1,1,0,1
DE,0,25,14,1,1,1,1
DE,1,53,12,0,0,1,1
DE,1,66,11,0,0,0,1
DE,0,76,11,0,1,1,1
DE,1,68,15,0,0,0,1
DE,0,16,9,0,0,0,0
DE,0,69,14,0,0,0,1
DE,0,31,15,0,0,0,1
DE,0,85,11,0,0,0,1
DE,1,44,15,0,1,0,1
DE,1,80,19,0,0,1,0
DE,1,33,14,0,0,0,1
DE,1,42,19,0,1,0,1
DE,1,55,10,0,0,1,1
DE,1,59,13,0,0,1,1
DE,0,61,14,0,0,0,1
DE,1,35,12,0,1,1,1
DE,1,57,15,0,0,0,1
DE,1,70,18,0,0,0,1
DE,0,31,13,0,1,0,1
DE,0,73,13,0,0,0,1
DE,1,31,13,0,1,0,1
DE,1,61,15,0,1,0,1
DE,0,16,9,0,0,0,0
DE,1,59,12,0,0,0,1
DE,1,54,15,0,0,0,1
DE,1,46,2,0,0,0,1
DE,0,34,18,0,1,0,1
DE,0,51,14,0,0,NA,1
DE,0,65,14,0,0,0,1
DE,0,64,11,0,1,1,1
DE,1,39,12,0,1,1,1
DE,1,28,21,0,1,0,1
DE,1,62,13,0,0,0,1
DE,0,69,17,0,0,0,1
DE,1,79,16,0,0,1,1
DE,0,64,14,0,1,1,1
DE,1,69,15,0,1,1,0
DE,1,24,15,0,0,0,1
DE,1,83,10,NA,NA,NA,0
DE,0,53,13,0,1,0,1
DE,0,48,17,1,1,0,1
DE,0,75,11,1,1,1,0
DE,1,26,11,0,0,NA,0
DE,1,47,13,0,0,0,1
DE,1,42,14,0,0,0,1
DE,0,16,10,0,0,1,1
DE,0,28,20,0,1,1,1
DE,0,58,10,NA,NA,1,0
DE,1,74,8,1,0,0,0
DE,1,75,10,0,1,0,1
DE,0,64,13,0,1,1,1
DE,0,53,16,1,1,1,1
DE,1,37,19,0,1,0,1
DE,1,39,18,1,1,1,0
DE,0,15,9,0,1,0,1
DE,1,53,11,1,1,0,1
DE,0,51,12,0,0,0,1
DE,0,58,13,0,0,0,1
DE,1,52,12,0,0,1,1
DE,0,34,15,0,0,1,1
DE,1,59,13,0,0,NA,1
DE,1,32,18,0,1,1,1
DE,0,22,15,0,0,0,1
DE,1,30,22,0,1,0,1
DE,0,46,13,0,0,1,1
DE,0,40,18,0,1,1,0
DE,1,56,14,0,0,1,1
DE,1,47,15,0,1,1,1
DE,1,46,15,0,0,0,1
DE,1,27,21,0,0,0,1
DE,1,66,16,0,0,NA,1
DE,1,49,11,0,0,1,1
DE,0,26,13,0,1,1,1
DE,1,38,15,0,1,1,0
DE,1,16,10,0,1,0,1
DE,0,53,18,NA,0,1,1
DE,0,48,18,0,1,1,1
DE,1,55,13,0,0,0,1
DE,1,26,9,0,0,0,1
DE,0,46,9,0,0,1,1
DE,1,NA,13,NA,NA,0,1
DE,0,47,13,0,1,0,1
DE,1,37,20,0,0,0,0
DE,1,15,10,0,0,0,1
DE,1,46,18,0,0,0,1
DE,0,18,10,0,0,0,0
DE,1,71,15,1,1,0,0
DE,1,58,12,0,0,0,1
DE,1,75,11,0,0,0,1
DE,0,17,10,0,0,0,1
DE,1,69,8,0,0,NA,1
DE,1,65,13,0,0,0,0
DE,1,62,13,0,1,1,1
DE,1,62,20,0,0,1,1
DE,0,22,9,0,1,0,1
DE,0,20,16,1,1,1,1
DE,0,76,14,0,0,0,1
DE,0,55,9,0,0,0,1
DE,0,21,14,0,0,0,1
DE,0,50,17,0,1,0,1
DE,0,33,20,0,1,0,1
DE,1,57,14,0,1,0,1
DE,1,51,17,0,0,0,1
DE,1,35,13,0,0,0,1
DE,0,39,13,0,1,1,0
DE,0,60,19,0,0,1,1
DE,0,47,16,0,0,0,1
DE,1,76,8,0,0,0,0
DE,0,84,19,0,1,0,1
DE,0,66,15,0,0,1,1
DE,0,30,12,1,1,1,1
DE,0,34,14,0,0,1,1
DE,0,46,19,0,1,1,1
DE,1,51,20,0,0,0,1
DE,0,66,12,0,1,1,1
DE,1,43,12,0,1,1,1
DE,1,32,19,0,0,0,1
DE,1,62,16,0,0,1,1
DE,1,33,15,0,1,0,1
DE,1,74,11,0,0,1,1
DE,0,60,15,0,0,1,1
DE,0,34,14,0,0,1,1
DE,0,54,16,0,0,0,1
DE,0,42,12,1,1,1,0
DE,0,38,11,0,0,0,1
DE,1,85,16,0,0,0,1
DE,0,57,12,0,0,1,0
DE,1,36,19,0,0,0,1
DE,0,32,15,0,1,0,1
DE,1,68,11,0,1,1,1
DE,1,43,16,0,0,0,1
DE,1,71,12,0,0,1,1
DE,1,33,17,0,0,0,1
DE,0,42,14,1,1,0,1
DE,0,58,15,0,0,0,1
DE,0,65,4,0,0,0,0
DE,0,54,12,0,1,1,1
DE,0,57,12,0,0,0,0
DE,0,57,12,0,0,0,1
DE,1,37,19,0,1,0,0
DE,1,53,13,0,0,0,1
DE,0,75,16,0,0,0,1
DE,1,56,13,NA,0,1,1
DE,0,52,12,1,1,0,1
DE,0,53,15,0,1,0,1
DE,0,58,17,0,0,1,1
DE,0,48,15,0,1,1,1
DE,1,62,13,0,0,0,1
DE,1,67,19,0,0,0,1
DE,0,58,16,0,0,0,1
DE,1,19,11,0,1,0,1
DE,1,58,12,0,0,0,0
DE,0,68,17,0,0,0,1
DE,1,42,13,0,0,0,1
DE,1,43,12,0,0,0,1
DE,1,56,17,0,1,0,0
DE,0,60,12,1,1,0,1
DE,1,46,20,0,0,0,1
DE,0,70,11,0,0,0,0
DE,0,32,17,0,0,0,1
DE,0,64,15,0,0,1,1
DE,1,18,12,0,0,1,1
DE,0,55,13,0,0,0,1
DE,0,38,15,0,0,0,1
DE,1,24,14,0,1,1,1
DE,0,16,9,1,1,1,1
DE,1,38,8,0,0,0,1
DE,1,58,13,0,0,1,1
DE,0,47,25,0,0,1,1
DE,0,38,17,0,1,0,1
DE,1,33,20,0,0,0,1
DE,0,42,15,0,1,1,1
DE,0,55,14,0,0,0,1
DE,1,32,20,0,0,1,1
DE,1,44,14,0,0,NA,1
DE,1,56,15,0,0,1,1
DE,1,60,18,0,1,0,1
DE,1,34,15,NA,NA,NA,0
DE,0,81,25,0,0,0,0
DE,0,22,17,1,1,0,1
DE,1,77,17,0,0,0,0
DE,0,88,23,1,1,1,0
DE,0,67,15,0,0,0,1
DE,0,45,19,0,0,1,1
DE,0,50,11,0,0,0,1
DE,0,59,20,0,0,0,0
DE,1,48,10,0,0,0,1
DE,0,49,9,0,1,1,1
DE,0,49,17,0,0,0,1
DE,0,60,14,0,0,0,1
DE,0,72,15,0,0,1,1
DE,1,73,12,1,0,0,1
DE,1,46,14,0,0,0,0
DE,1,19,13,0,1,1,1
DE,0,38,15,0,1,1,1
DE,0,33,17,0,1,0,1
DE,1,57,13,1,1,1,1
DE,1,61,13,0,0,0,1
DE,0,58,20,0,0,0,1
DE,0,73,13,0,1,0,0
DE,0,66,18,0,1,0,1
DE,0,62,11,0,0,0,1
DE,1,19,12,0,1,1,1
DE,0,34,16,0,1,0,1
DE,0,71,15,0,0,0,1
DE,0,24,14,0,0,0,1
DE,0,61,14,1,1,1,1
DE,1,40,13,1,1,1,1
DE,1,62,12,1,1,1,0
DE,1,62,12,1,1,1,1
DE,1,65,11,1,1,1,1
DE,0,37,16,0,0,0,1
DE,0,61,12,0,1,1,1
DE,0,55,12,1,1,0,1
DE,0,86,11,0,0,0,0
DE,0,56,13,0,0,0,1
DE,0,15,9,1,0,0,1
DE,1,63,14,NA,0,NA,0
DE,1,76,19,0,0,0,0
DE,1,29,13,0,1,0,1
DE,0,33,18,0,0,1,1
DE,0,20,11,1,1,0,1
DE,0,48,13,0,1,NA,1
DE,1,29,18,0,0,0,1
DE,1,73,11,0,0,0,0
DE,1,18,12,0,0,0,1
DE,0,49,7,0,1,0,1
DE,0,51,10,0,1,0,0
DE,1,26,9,0,0,NA,1
DE,1,36,19,0,1,1,1
DE,1,39,16,1,1,0,1
DE,1,70,17,0,1,0,1
DE,0,60,16,0,0,0,1
DE,0,25,13,0,1,0,1
DE,0,28,13,0,0,0,1
DE,1,72,17,0,0,0,0
DE,1,65,12,0,0,0,1
DE,0,33,8,1,1,0,1
DE,1,34,20,0,0,0,1
DE,1,63,15,0,1,0,1
DE,0,18,10,1,0,1,1
DE,1,54,13,0,1,0,1
DE,1,34,15,0,0,1,1
DE,0,64,19,0,0,0,1
DE,1,16,9,0,0,1,1
DE,1,39,20,0,0,0,1
DE,0,57,13,0,0,0,1
DE,1,26,13,0,0,1,1
DE,1,16,10,0,0,1,1
DE,1,NA,9,1,1,1,1
DE,0,66,15,0,NA,0,1
DE,0,65,12,1,1,1,0
DE,0,30,19,0,0,0,1
DE,1,61,16,0,NA,NA,0
DE,0,50,14,0,0,0,1
DE,0,54,15,0,0,0,1
DE,0,15,10,1,1,0,1
DE,0,50,13,0,0,0,1
DE,1,74,14,0,0,0,0
DE,0,48,10,0,0,0,1
DE,1,19,13,0,0,0,1
DE,0,21,12,1,0,0,1
DE,0,33,16,0,0,0,1
DE,0,23,17,0,NA,0,1
DE,0,50,15,0,0,0,1
DE,1,32,23,0,0,0,1
DE,1,67,5,1,1,0,1
DE,1,24,15,0,0,0,1
DE,1,63,12,0,1,0,1
DE,1,76,11,0,0,0,1
DE,0,59,13,0,1,1,1
DE,1,53,17,0,0,0,1
DE,1,72,10,0,1,0,1
DE,1,27,14,0,0,0,1
DE,1,56,19,0,0,1,1
DE,1,30,14,0,1,1,1
DE,0,56,17,1,1,0,1
DE,0,47,14,0,0,1,1
DE,1,61,12,0,0,1,0
DE,0,84,18,0,0,0,1
DE,0,58,20,0,1,1,1
DE,1,77,8,0,1,0,1
DE,1,31,12,0,0,1,0
DE,0,38,15,0,0,0,1
DE,0,27,20,0,1,1,1
DE,0,60,13,0,0,0,1
DE,1,75,14,0,0,0,1
DE,0,75,15,0,0,1,1
DE,0,73,15,0,0,0,1
DE,0,35,19,0,0,NA,1
DE,0,33,9,0,0,0,1
DE,0,26,15,0,0,0,1
DE,1,55,13,0,0,1,1
DE,0,63,15,0,1,0,0
DE,0,84,14,0,0,NA,0
DE,1,52,13,1,1,1,1
DE,0,61,17,1,1,1,1
DE,0,70,10,0,0,0,0
DE,0,47,16,0,0,0,1
DE,1,66,11,0,0,1,0
DE,1,44,16,0,0,NA,1
DE,1,71,24,0,0,1,1
DE,1,47,13,0,0,0,1
DE,1,28,17,0,0,0,1
DE,0,38,18,0,0,0,1
DE,1,73,14,0,1,0,1
DE,0,69,11,0,1,0,0
DE,0,55,16,0,0,0,0
DE,0,77,12,0,1,0,0
DE,0,61,13,0,0,0,1
DE,0,77,13,0,1,0,1
DE,0,34,14,1,1,1,1
DE,0,44,18,0,0,0,1
DE,0,45,16,0,0,0,1
DE,1,22,13,0,0,0,1
DE,0,25,11,0,1,1,1
DE,0,67,17,0,1,1,1
DE,1,37,19,0,0,0,1
DE,1,64,13,0,0,0,1
DE,0,46,14,0,0,0,1
DE,0,51,16,0,1,1,0
DE,1,16,10,0,1,0,1
DE,0,21,15,0,1,1,1
DE,1,30,13,0,0,0,1
DE,0,36,20,0,0,0,1
DE,0,55,12,0,0,0,1
DE,0,50,12,0,0,1,0
DE,1,60,12,0,0,0,1
DE,0,68,12,0,0,0,0
DE,0,62,16,0,0,0,0
DE,0,29,14,0,0,0,1
DE,0,65,14,0,1,1,1
DE,0,56,11,0,0,1,1
DE,0,48,17,0,1,0,1
DE,1,57,13,0,0,0,1
DE,1,70,11,0,0,0,1
DE,0,35,14,0,0,0,1
DE,1,51,15,0,0,1,1
DE,1,52,11,0,0,0,1
DE,1,50,14,0,0,1,1
DE,0,48,12,0,1,0,0
DE,0,19,12,0,1,0,1
DE,0,65,12,0,1,1,1
DE,1,60,16,0,0,0,0
DE,0,47,12,0,1,0,1
DE,0,41,16,0,1,0,1
DE,1,61,17,0,0,0,1
DE,1,39,11,0,0,0,1
DE,1,50,8,0,1,1,1
DE,1,52,17,0,0,0,0
DE,0,71,13,1,1,1,0
DE,1,75,9,0,0,1,1
DE,1,75,14,0,1,0,1
DE,1,17,10,0,0,0,1
DE,1,57,14,0,0,0,1
DE,0,78,17,0,0,0,0
DE,0,40,13,0,1,1,1
DE,1,81,11,1,1,1,1
DE,1,55,16,0,0,0,0
DE,0,69,15,0,0,1,0
DE,0,43,13,0,0,0,1
DE,0,27,21,0,0,0,1
DE,0,72,17,0,0,0,1
DE,1,76,11,0,0,0,1
DE,0,78,18,0,0,0,1
DE,0,65,16,0,0,0,1
DE,1,50,17,0,1,0,1
DE,1,29,17,0,0,1,1
DE,0,70,11,1,1,1,1
DE,0,46,14,0,0,0,1
DE,1,80,11,0,0,0,0
DE,0,53,10,0,0,0,1
DE,0,33,21,0,0,0,1
DE,0,74,14,0,1,1,0
DE,1,55,12,0,0,0,1
DE,0,56,12,0,1,1,1
DE,1,43,14,0,0,0,1
DE,0,73,11,0,0,0,0
DE,0,50,20,0,1,1,1
DE,0,18,13,0,0,0,1
DE,1,35,23,0,0,1,1
DE,0,55,12,0,1,1,1
DE,0,71,24,0,1,1,0
DE,1,55,14,0,0,0,1
DE,1,31,15,0,1,1,1
DE,1,15,NA,0,1,1,1
DE,0,61,13,0,1,1,0
DE,1,29,14,0,1,1,1
DE,1,20,13,0,0,1,0
DE,0,24,13,0,0,0,1
DE,1,64,8,1,1,0,0
DE,1,61,13,1,0,0,0
DE,0,56,12,0,1,0,1
DE,1,71,13,0,0,0,0
DE,0,71,19,0,0,1,1
DE,1,80,14,0,1,1,1
DE,0,67,13,1,1,1,1
DE,1,24,15,0,1,0,1
DE,0,57,16,0,1,0,1
DE,0,36,19,0,1,1,1
DE,0,57,21,0,0,0,1
DE,0,40,13,0,0,0,1
DE,0,41,19,0,1,1,1
DE,1,29,18,0,0,0,1
DE,0,45,15,0,0,0,1
DE,0,45,14,0,0,0,1
DE,0,57,19,0,0,0,1
DE,1,85,11,0,0,1,0
DE,0,17,10,0,0,0,0
DE,1,18,13,0,1,0,1
DE,1,38,15,0,1,1,1
DE,1,41,13,0,0,0,1
DE,0,77,10,0,1,0,0
DE,1,64,13,0,1,1,0
DE,0,73,13,0,0,1,0
DE,0,46,13,0,0,0,0
DE,0,49,13,0,1,0,1
DE,1,52,18,0,1,0,1
DE,1,35,16,0,0,0,1
DE,0,50,17,0,0,0,1
DE,0,46,11,0,0,1,1
DE,1,66,12,0,1,0,1
DE,1,54,12,0,0,1,1
DE,0,18,12,0,0,0,1
DE,0,66,9,0,0,0,1
DE,0,17,11,0,1,0,1
DE,1,46,11,0,0,0,1
DE,1,49,13,0,0,0,1
DE,1,31,18,0,1,0,1
DE,0,40,13,0,1,NA,1
DE,0,46,24,0,1,1,1
DE,0,43,19,0,1,1,1
DE,0,53,10,0,0,0,1
DE,0,46,15,0,0,1,1
DE,0,63,18,1,1,0,1
DE,1,64,8,1,1,1,1
DE,0,52,20,0,0,0,1
DE,1,36,25,0,1,0,1
DE,1,60,10,NA,NA,1,1
DE,0,52,13,0,0,1,1
DE,0,30,21,0,1,0,1
DE,0,29,9,1,1,0,1
DE,0,17,12,0,1,1,1
DE,1,47,24,1,1,0,1
DE,0,61,17,0,0,0,1
DE,1,72,16,0,1,1,1
DE,0,30,19,0,0,0,1
DE,0,36,13,0,0,1,1
DE,0,64,13,0,1,1,0
DE,0,37,13,0,1,1,1
DE,0,56,12,0,0,NA,1
DE,0,34,11,0,0,1,1
DE,0,29,21,0,0,0,1
DE,0,56,12,0,1,1,0
DE,1,26,18,0,1,0,0
DE,1,54,17,0,0,0,1
DE,1,60,15,0,0,NA,1
DE,0,75,18,0,1,1,1
DE,1,88,8,1,0,0,1
DE,1,65,10,0,0,0,1
DE,0,16,11,0,1,0,1
DE,0,68,11,0,0,0,1
DE,0,38,16,0,0,0,1
DE,0,56,12,0,0,0,1
DE,0,49,13,0,1,0,0
DE,0,44,12,0,1,0,1
DE,1,68,16,0,0,0,1
DE,0,37,12,0,1,0,1
DE,1,17,10,0,1,0,1
DE,1,76,13,0,1,1,0
DE,0,23,12,0,0,0,1
DE,0,70,17,0,0,0,1
DE,1,66,16,0,0,0,0
DE,0,27,13,0,1,1,1
DE,1,49,13,0,0,0,1
DE,1,33,15,0,1,1,1
DE,0,54,12,0,1,NA,1
DE,1,78,12,0,1,1,1
DE,1,23,15,1,1,1,1
DE,0,85,8,0,0,1,1
DE,0,77,8,0,1,1,1
DE,1,41,14,0,0,1,1
DE,1,34,20,0,0,0,1
DE,1,55,16,0,0,0,1
DE,0,52,12,0,0,1,1
DE,1,68,14,0,0,0,1
DE,1,48,14,0,0,0,1
DE,1,44,22,0,1,0,1
DE,0,79,13,0,1,1,1
DE,0,29,15,0,0,0,1
DE,1,59,13,0,0,NA,1
DE,0,42,14,0,0,1,1
DE,0,21,14,0,1,0,1
DE,1,64,12,0,0,1,0
DE,1,74,12,0,1,1,1
DE,1,31,17,0,0,0,1
DE,1,72,12,0,1,0,1
DE,1,54,16,0,0,0,1
DE,1,48,15,0,0,0,1
DE,0,NA,10,1,1,NA,1
DE,0,22,12,0,0,0,1
DE,0,18,12,0,0,1,1
DE,0,51,12,0,NA,0,1
DE,0,63,13,1,0,1,1
DE,0,74,17,0,0,NA,0
DE,0,69,12,0,0,1,0
DE,1,71,16,0,1,0,1
DE,0,52,15,0,0,1,1
DE,0,45,13,0,0,0,1
DE,0,76,12,0,0,1,1
DE,0,18,12,0,0,0,1
DE,1,57,12,0,0,0,1
DE,1,23,16,1,1,0,1
DE,0,53,16,0,0,0,1
DE,0,87,17,1,1,1,0
DE,0,43,10,0,0,1,0
DE,1,77,17,0,0,0,0
DE,0,52,12,0,0,0,0
DE,1,24,16,0,1,0,0
DE,0,31,12,0,1,1,1
DE,1,32,13,0,0,1,1
DE,0,67,14,0,0,1,1
DE,0,36,13,0,0,1,1
DE,1,56,13,0,0,1,1
DE,0,54,12,0,0,1,1
DE,0,81,16,0,1,0,1
DE,1,61,13,0,0,0,1
DE,1,64,15,0,0,0,1
DE,1,73,9,0,0,0,1
DE,1,39,12,1,1,1,1
DE,0,57,14,0,1,1,1
DE,0,24,11,0,0,1,1
DE,1,30,15,0,0,0,1
DE,1,52,12,0,0,0,1
DE,1,66,13,0,1,1,1
DE,1,60,16,0,1,0,0
DE,1,63,10,0,0,0,1
DE,0,53,17,0,0,0,1
DE,0,25,18,1,1,0,1
DE,0,52,19,0,1,1,1
DE,0,46,15,1,1,0,1
DE,0,56,18,0,0,0,1
DE,0,52,14,0,0,0,0
DE,0,39,14,0,1,1,1
DE,1,48,15,0,0,0,1
DE,0,42,15,0,0,NA,1
DE,0,70,22,0,1,0,1
DE,0,64,12,0,0,0,1
DE,0,73,9,0,1,0,1
DE,1,37,18,0,0,0,0
DE,0,45,19,0,1,1,1
DE,0,23,14,0,0,0,1
DE,1,72,11,0,1,1,1
DE,1,50,17,0,0,NA,1
DE,1,18,11,0,1,1,1
DE,1,69,12,0,0,NA,1
DE,1,37,13,0,0,1,1
DE,1,43,13,0,NA,0,0
DE,1,82,40,0,0,1,0
DE,1,35,19,0,0,0,1
DE,1,47,11,0,0,0,0
DE,1,23,13,1,1,0,1
DE,0,73,19,0,0,1,0
DE,1,20,14,0,0,0,1
DE,1,44,22,0,0,1,1
DE,1,46,13,0,0,0,1
DE,0,60,12,0,1,1,1
DE,0,36,18,0,0,0,1
DE,0,16,9,0,1,0,0
DE,1,56,15,1,1,0,1
DE,0,38,17,0,0,0,1
DE,0,56,12,1,1,1,1
DE,0,21,14,0,1,1,1
DE,0,65,8,0,0,NA,1
DE,0,25,11,0,1,1,1
DE,0,49,14,0,0,0,1
DE,1,36,18,0,1,0,1
DE,0,34,13,0,0,0,1
DE,0,43,17,1,0,1,1
DE,1,61,11,0,0,1,1
DE,1,34,17,0,0,NA,1
DE,1,53,14,0,0,NA,0
DE,1,40,15,0,0,0,1
DE,1,55,12,1,1,1,1
DE,0,44,16,0,0,0,1
DE,1,40,17,0,0,0,1
DE,0,81,14,0,0,0,0
DE,1,52,13,0,1,1,1
DE,1,48,19,0,1,1,1
DE,0,38,13,0,1,1,1
DE,1,27,18,0,1,1,1
DE,1,58,13,0,0,1,1
DE,0,75,13,1,0,1,1
DE,0,47,15,0,0,1,1
DE,1,49,13,0,1,0,1
DE,0,53,13,0,0,1,1
DE,1,57,15,0,0,0,1
DE,1,55,18,0,1,1,1
DE,0,77,15,0,0,0,0
DE,1,67,11,0,1,NA,1
DE,0,28,15,NA,0,NA,0
DE,0,76,13,0,1,NA,0
DE,0,57,15,0,1,NA,1
DE,0,64,19,0,0,0,1
DE,1,64,12,0,0,0,0
DE,0,49,14,0,0,0,1
DE,1,21,14,0,0,1,1
DE,1,15,9,0,NA,0,0
DE,1,68,15,0,0,0,0
DE,0,40,21,0,0,NA,0
DE,1,76,10,0,0,0,0
DE,0,42,12,0,0,1,1
DE,0,27,12,0,0,1,1
DE,1,81,11,0,0,1,0
DE,1,48,12,0,1,0,1
DE,1,52,17,0,0,0,0
DE,0,59,13,0,1,0,1
DE,0,51,22,0,1,0,1
DE,1,81,11,0,0,0,0
DE,0,76,10,1,1,1,0
DE,1,33,13,0,0,1,0
DE,0,44,15,0,1,1,1
DE,1,70,16,0,1,0,1
DE,1,33,15,0,0,1,1
DE,1,82,8,0,0,1,0
DE,1,40,12,0,1,1,1
DE,0,52,15,0,NA,0,0
DE,1,53,12,0,0,0,1
DE,1,29,22,0,1,0,1
DE,0,33,24,0,0,0,1
DE,1,51,13,0,1,0,1
DE,1,46,13,0,0,0,1
DE,1,19,11,0,0,1,1
DE,1,16,11,0,0,0,1
DE,1,62,11,0,0,1,0
DE,0,40,14,0,0,0,1
DE,0,57,13,0,0,1,1
DE,1,49,10,0,1,0,1
DE,0,59,18,NA,NA,NA,1
DE,0,53,20,0,0,NA,1
DE,1,55,18,0,0,0,1
DE,0,54,18,0,0,0,1
DE,1,59,12,0,0,0,1
DE,1,45,13,0,0,1,1
DE,1,21,13,0,0,0,1
DE,1,47,14,0,0,0,1
DE,0,64,16,0,0,0,1
DE,1,55,12,0,0,1,1
DE,0,42,19,0,0,0,1
DE,1,71,12,0,1,1,0
DE,0,44,16,0,0,0,1
DE,0,57,14,0,1,0,1
DE,0,47,14,0,1,0,0
DE,0,42,12,1,1,1,1
DE,0,60,11,0,0,0,1
DE,0,36,14,0,0,1,1
DE,0,28,9,0,0,0,1
DE,1,25,16,0,0,0,1
DE,0,41,19,1,1,0,1
DE,1,50,16,0,1,1,1
DE,1,43,13,0,0,0,1
DE,1,28,14,0,0,0,1
DE,1,73,12,1,0,0,1
DE,0,71,11,0,1,1,0
DE,0,34,17,0,1,0,1
DE,0,43,19,0,1,0,1
DE,1,54,13,0,NA,0,1
DE,1,83,10,0,1,1,0
DE,1,78,9,0,0,1,1
DE,1,35,13,0,0,1,1
DE,1,29,19,0,0,0,1
DE,1,62,12,0,1,1,1
DE,0,41,13,0,1,1,1
DE,1,19,12,0,0,1,1
DE,0,31,13,NA,NA,NA,0
DE,1,23,17,0,0,0,1
DE,0,44,12,1,1,NA,1
DE,1,53,12,0,0,1,1
DE,0,55,13,0,1,0,1
DE,0,76,14,1,1,0,0
DE,1,38,17,0,0,0,1
DE,0,50,18,0,1,0,1
DE,0,40,17,0,0,1,0
DE,1,43,14,0,1,1,1
DE,0,75,12,0,0,0,1
DE,1,52,23,0,1,1,1
DE,1,48,16,0,0,NA,1
DE,0,81,30,0,0,0,1
DE,1,50,13,0,0,0,1
DE,1,68,10,0,1,0,1
DE,1,100,5,1,0,1,0
DE,0,75,18,0,1,1,0
DE,0,33,13,0,0,1,1
DE,0,69,15,0,0,0,0
DE,0,49,18,0,0,0,1
DE,0,47,15,0,0,0,1
DE,1,68,12,0,0,0,1
DE,1,65,19,0,0,0,1
DE,1,73,11,0,1,0,1
DE,0,55,14,0,0,0,0
DE,1,58,18,0,1,0,1
DE,0,80,10,0,0,1,0
DE,1,64,15,0,0,1,1
DE,0,55,NA,0,0,NA,0
DE,1,29,14,0,0,0,1
DE,1,15,10,0,0,0,1
DE,1,46,20,0,1,0,0
DE,0,19,12,0,0,1,1
DE,1,28,18,0,0,0,1
DE,1,17,10,0,0,0,1
DE,0,75,11,0,0,1,0
DE,0,50,22,0,1,0,1
DE,0,52,17,0,1,1,1
DE,1,30,12,0,0,0,1
DE,1,64,11,0,1,1,1
DE,0,70,14,0,0,0,1
DE,1,51,13,0,1,1,1
DE,0,28,13,1,1,0,1
DE,1,40,14,0,0,1,1
DE,0,79,12,0,1,1,0
DE,1,64,17,0,1,0,1
DE,1,60,16,0,0,1,0
DE,0,54,17,0,0,0,1
DE,1,31,24,0,0,0,1
DE,1,63,13,0,0,1,1
DE,0,58,12,0,0,0,1
DE,0,36,14,0,0,1,1
DE,1,78,11,0,1,0,0
DE,1,66,13,0,1,1,0
DE,0,73,18,1,1,1,1
DE,1,59,13,0,0,0,1
DE,1,64,12,0,NA,1,1
DE,0,20,13,0,0,0,1
DE,1,31,18,0,0,0,1
DE,1,49,16,0,0,1,1
DE,1,38,12,0,1,0,1
DE,0,49,10,1,0,0,1
DE,1,48,21,0,1,1,1
DE,1,39,11,0,0,1,1
DE,0,44,19,0,0,1,1
DE,0,69,11,0,1,1,0
DE,1,38,14,1,1,0,1
DE,1,63,12,0,0,0,0
DE,1,16,NA,0,0,1,1
DE,1,74,10,0,0,0,1
DE,0,68,20,0,1,0,1
DE,0,28,16,0,1,1,1
DE,0,34,23,0,0,0,1
DE,0,49,20,0,0,0,1
DE,0,70,11,1,1,1,1
DE,1,71,12,0,0,0,1
DE,1,24,17,1,0,1,1
DE,1,83,10,0,0,0,0
DE,0,16,11,0,0,0,1
DE,1,32,20,0,0,1,1
DE,0,55,13,0,1,0,1
DE,0,31,19,0,0,0,1
DE,1,56,11,0,0,0,1
DE,1,61,12,0,1,0,1
DE,1,75,8,0,0,0,1
DE,1,27,16,0,0,0,1
DE,1,37,12,0,1,0,1
DE,1,74,12,0,1,0,0
DE,1,82,10,0,0,1,1
DE,1,25,17,0,1,NA,1
DE,0,73,12,0,0,0,1
DE,0,32,15,0,0,0,1
DE,0,38,16,0,0,1,1
DE,0,59,17,0,1,0,1
DE,1,52,19,0,0,1,1
DE,0,60,24,0,1,1,0
DE,0,75,13,0,0,1,1
DE,0,39,18,0,0,0,1
DE,0,70,13,0,1,1,1
DE,0,55,17,0,1,0,1
DE,0,66,12,0,0,0,1
DE,1,62,20,0,0,NA,1
DE,1,60,10,NA,1,0,0
DE,1,57,21,0,0,0,1
DE,0,68,13,1,0,0,1
DE,0,22,16,0,0,0,1
DE,0,47,15,0,0,1,0
DE,0,65,15,0,0,0,1
DE,1,74,10,1,0,0,1
DE,1,46,19,0,0,0,1
DE,1,40,22,0,0,0,1
DE,0,47,13,0,0,1,1
DE,0,17,11,0,1,1,1
DE,0,28,16,0,1,1,1
DE,1,70,13,1,1,0,0
DE,0,25,16,0,1,0,1
DE,1,51,15,0,0,0,1
DE,0,NA,NA,NA,NA,NA,NA
DE,1,65,13,0,0,0,1
DE,1,66,11,0,1,0,1
DE,0,27,13,0,0,1,1
DE,1,54,21,0,1,0,1
DE,0,45,12,0,1,0,1
DE,0,85,16,0,NA,1,1
DE,1,70,11,0,1,0,1
DE,0,63,16,0,0,NA,1
DE,1,17,12,0,0,1,1
DE,0,32,12,0,0,0,1
DE,0,76,10,0,0,0,0
DE,1,56,12,0,0,1,1
DE,1,75,10,0,NA,1,0
DE,0,64,13,0,0,0,0
DE,0,69,10,0,0,0,0
DE,0,57,20,0,0,0,1
DE,1,31,16,0,0,1,1
DE,0,22,14,1,1,0,1
DE,0,50,13,0,0,0,1
DE,1,78,9,1,1,1,0
DE,0,18,11,0,0,0,1
DE,1,28,13,0,0,1,1
DE,1,33,20,0,1,1,1
DE,1,44,10,0,0,0,0
DE,1,41,19,0,1,1,1
DE,1,53,19,0,0,NA,1
DE,1,24,18,0,1,0,1
DE,0,64,12,0,1,0,0
DE,1,69,12,0,0,0,0
DE,0,63,12,0,1,0,1
DE,0,31,12,0,0,0,1
DE,1,52,15,0,0,0,1
DE,0,56,6,1,0,NA,1
DE,0,53,16,0,1,0,1
DE,0,75,11,0,0,1,0
DE,1,26,18,0,0,1,1
DE,1,31,14,0,1,0,1
DE,1,60,14,0,1,1,1
DE,0,55,12,0,1,1,1
DE,0,69,12,0,0,0,1
DE,1,51,13,0,0,0,1
DE,0,25,17,0,1,1,1
DE,1,54,15,0,0,0,1
DE,1,22,16,0,0,1,1
DE,1,44,13,0,0,0,1
DE,0,73,15,0,0,0,1
DE,1,80,17,0,1,1,0
DE,1,32,14,0,1,0,1
DE,1,50,13,0,0,0,1
DE,1,47,12,0,1,0,1
DE,0,61,13,0,0,0,1
DE,0,22,14,0,0,NA,1
DE,0,56,17,0,1,1,1
DE,0,73,11,0,0,0,0
DE,1,60,10,0,0,1,0
DE,0,33,13,0,1,1,1
DE,0,44,15,0,1,1,1
DE,1,80,13,0,1,1,1
DE,0,32,17,0,0,1,1
DE,0,30,15,0,1,0,1
DE,0,44,17,0,0,1,1
DE,0,57,20,0,0,NA,1
DE,1,47,15,0,0,0,1
DE,0,37,11,0,0,0,1
DE,0,24,13,0,1,1,1
DE,1,17,11,0,0,0,1
DE,0,47,18,0,0,0,1
DE,0,65,12,0,0,0,1
DE,0,22,13,0,1,1,1
DE,0,52,15,0,0,1,1
DE,1,67,23,0,0,0,1
DE,0,79,10,0,0,1,1
DE,0,36,20,0,1,0,0
DE,0,34,13,1,0,0,1
DE,0,62,8,0,0,0,0
DE,0,28,14,0,0,0,1
DE,1,34,12,0,1,1,1
DE,1,28,12,0,0,0,1
DE,0,46,13,0,0,0,0
DE,1,56,14,0,0,0,1
DE,0,51,15,0,0,1,0
DE,0,17,11,NA,NA,NA,1
DE,1,45,12,0,1,1,1
DE,0,59,22,0,0,0,1
DE,1,82,11,0,0,0,0
DE,0,60,17,0,0,1,1
DE,1,36,12,0,0,0,1
DE,0,50,14,0,0,0,1
DE,1,64,10,0,1,1,1
DE,1,66,15,0,1,0,1
DE,1,22,12,0,1,1,1
DE,1,72,13,0,0,1,1
DE,1,81,16,1,1,1,1
DE,1,70,10,0,0,0,1
DE,0,50,14,0,0,1,1
DE,1,77,11,0,1,1,0
DE,0,48,17,0,0,0,1
DE,0,54,15,0,0,0,1
DE,1,57,14,0,0,0,1
DE,1,49,14,1,1,1,1
DE,1,16,11,0,0,0,1
DE,1,50,15,0,0,1,1
DE,0,74,19,0,1,0,0
DE,0,35,16,0,1,0,1
DE,0,46,19,0,0,0,1
DE,1,33,17,0,0,1,1
DE,1,53,13,0,1,0,1
DE,0,74,16,0,1,1,1
DE,1,51,13,0,1,0,1
DE,0,47,17,0,0,0,1
DE,1,86,8,1,NA,NA,0
DE,0,33,13,1,1,1,1
DE,0,39,18,0,0,1,1
DE,0,58,8,0,0,NA,0
DE,0,54,16,0,1,1,1
DE,0,41,20,0,0,0,1
DE,0,43,12,1,1,0,1
DE,1,42,16,0,0,0,1
DE,0,53,20,0,1,0,1
DE,1,35,12,0,1,1,1
DE,1,43,23,0,1,1,1
DE,1,69,11,NA,NA,NA,0
DE,0,47,16,0,1,1,1
DE,0,50,16,1,1,0,1
DE,1,75,8,0,0,0,1
DE,1,58,17,0,0,1,1
DE,0,62,21,0,0,1,1
DE,0,69,15,1,1,0,1
DE,0,85,16,0,0,1,1
DE,0,17,11,0,0,0,1
DE,0,58,12,0,1,0,1
DE,0,67,21,0,0,0,1
DE,0,16,10,0,1,0,1
DE,1,30,13,0,0,0,1
DE,0,47,18,0,0,0,1
DE,1,54,13,0,0,1,0
DE,0,43,26,0,0,1,1
DE,0,62,13,0,0,0,0
DE,0,19,13,0,1,0,1
DE,0,49,12,1,0,0,1
DE,0,65,12,0,1,1,1
DE,1,66,8,0,0,NA,0
DE,1,47,12,0,0,1,1
DE,0,69,24,0,1,1,0
DE,1,52,13,0,0,0,0
DE,0,49,18,0,1,1,1
DE,1,51,15,0,0,1,1
DE,1,88,12,0,0,NA,1
DE,0,16,11,0,1,1,1
DE,0,77,11,0,0,0,0
DE,0,75,8,0,0,0,1
DE,0,61,12,0,0,0,0
DE,1,19,11,0,1,0,1
DE,0,70,11,0,0,0,1
DE,0,60,13,0,0,1,1
DE,0,58,12,0,NA,1,0
DE,1,20,12,0,0,1,1
DE,0,80,13,0,0,1,0
DE,0,77,14,0,0,0,0
DE,1,48,18,0,0,0,1
DE,0,61,16,0,0,0,1
DE,0,53,15,0,0,0,1
DE,1,17,11,0,0,0,1
DE,1,48,13,0,0,1,1
DE,1,84,9,0,0,0,0
DE,0,52,18,0,0,0,1
DE,1,22,15,0,1,1,1
DE,1,39,13,0,1,0,1
DE,0,34,18,0,1,0,1
DE,0,62,18,0,1,1,1
DE,0,71,21,0,0,0,1
DE,0,68,15,0,0,0,1
DE,1,82,17,0,0,1,1
DE,1,80,9,0,1,0,0
DE,0,53,12,0,1,0,0
DE,1,65,9,0,1,1,1
DE,1,69,11,0,0,0,1
DE,1,64,13,0,1,1,1
DE,1,44,10,0,1,1,1
DE,0,60,13,0,1,0,1
DE,0,49,13,0,0,1,1
DE,1,33,14,0,1,1,1
DE,0,26,15,NA,NA,NA,0
DE,1,64,11,0,1,1,0
DE,0,69,11,1,1,1,1
DE,1,17,11,0,0,1,1
DE,0,19,12,0,1,1,1
DE,0,46,16,0,0,1,1
DE,0,57,15,0,0,0,1
DE,0,45,14,0,0,0,1
DE,1,51,16,0,0,0,1
DE,0,68,12,0,0,0,1
DE,1,39,16,0,0,0,1
DE,0,71,14,0,0,1,1
DE,1,62,12,0,1,0,0
DE,0,73,13,1,0,1,1
DE,1,20,14,0,1,0,1
DE,1,35,14,0,1,0,0
DE,1,36,23,0,0,0,1
DE,0,38,12,0,0,0,1
DE,0,54,15,0,0,0,1
DE,1,25,5,0,0,0,1
DE,0,77,20,1,1,1,0
DE,0,73,19,0,0,1,1
DE,0,44,12,0,1,0,1
DE,1,74,13,0,0,0,1
DE,1,88,15,0,0,NA,0
DE,0,66,10,0,0,0,1
DE,0,39,14,0,0,0,1
DE,1,76,11,0,0,0,0
DE,1,62,15,0,1,0,0
DE,1,69,12,0,1,0,0
DE,0,63,12,0,0,0,1
DE,0,23,13,0,0,1,1
DE,0,65,12,0,1,0,1
DE,0,78,11,0,0,0,1
DE,1,21,14,0,0,0,1
DE,1,59,21,0,1,0,1
DE,1,33,22,0,0,0,1
DE,1,48,13,0,0,0,1
DE,1,33,15,0,1,0,1
DE,1,17,11,0,0,0,1
DE,1,36,14,0,0,0,0
DE,0,19,11,0,0,0,1
DE,1,67,13,0,0,1,1
DE,1,46,14,0,1,0,1
DE,1,84,9,1,0,1,1
DE,1,58,13,0,1,0,1
DE,1,48,14,0,NA,1,0
DE,0,62,15,0,1,0,1
DE,1,28,11,0,0,0,1
DE,1,61,13,0,1,1,0
DE,1,69,9,0,1,0,1
DE,0,66,17,0,1,1,1
DE,0,33,15,1,1,1,1
DE,1,48,15,0,0,0,1
DE,0,20,12,0,0,0,1
DE,1,56,25,0,0,0,1
DE,0,62,17,1,1,0,1
DE,1,20,13,0,1,0,1
DE,1,74,11,0,0,1,1
DE,1,59,12,0,0,0,1
DE,0,70,16,0,1,1,1
DE,1,60,12,0,1,1,1
DE,1,50,15,0,0,0,1
DE,1,61,22,0,0,0,1
DE,1,72,14,NA,0,0,0
DE,1,31,19,0,0,0,1
DE,1,47,12,0,0,1,1
DE,0,73,11,0,NA,0,1
DE,1,49,17,0,0,0,1
DE,1,15,10,0,1,0,1
DE,0,15,9,0,0,0,1
DE,1,49,16,0,0,0,1
DE,0,17,10,0,1,NA,1
DE,0,49,14,0,1,1,1
DE,1,50,15,0,1,0,1
DE,0,59,14,0,1,1,1
DE,0,30,12,0,1,0,1
DE,1,48,13,0,0,0,0
DE,0,21,14,1,1,1,1
DE,0,36,12,0,0,0,1
DE,1,65,15,0,1,1,1
DE,1,44,11,0,0,0,1
DE,0,67,13,0,1,1,1
DE,0,31,20,0,0,0,1
DE,0,49,15,1,0,0,0
DE,1,16,11,1,1,1,1
DE,0,17,11,0,1,1,1
DE,1,39,20,1,1,1,0
DE,0,35,12,0,0,0,1
DE,1,54,15,1,1,1,0
DE,0,NA,9,1,1,1,1
DE,0,62,11,0,0,1,0
DE,1,26,15,0,1,1,1
DE,0,24,16,0,0,0,1
DE,1,70,16,0,0,0,1
DE,0,86,11,1,1,0,0
DE,1,58,10,0,0,0,1
DE,1,73,12,0,0,1,0
DE,0,51,9,0,0,0,1
DE,1,40,17,0,0,0,1
DE,1,27,18,0,0,0,1
DE,0,62,17,0,1,0,1
DE,1,44,18,0,1,0,1
DE,1,71,8,0,NA,0,1
DE,0,16,10,0,0,0,1
DE,1,45,18,0,0,0,1
DE,0,29,18,0,1,0,1
DE,0,61,19,0,0,0,0
DE,1,57,17,0,0,1,0
DE,0,42,12,0,0,0,1
DE,1,38,12,0,0,1,1
DE,0,66,10,0,1,1,1
DE,0,44,18,0,1,1,1
DE,1,58,17,0,0,0,1
DE,1,52,14,0,1,1,1
DE,0,55,15,0,0,0,1
DE,1,41,24,0,0,0,1
DE,1,90,12,0,0,0,1
DE,1,80,12,0,NA,0,1
DE,1,85,11,0,0,0,1
DE,1,60,16,0,0,0,1
DE,1,51,27,0,0,1,1
DE,0,16,10,0,1,0,1
DE,1,26,17,0,0,0,1
DE,0,41,15,0,0,0,1
DE,1,20,13,0,0,0,1
DE,1,60,8,0,0,0,0
DE,1,53,18,0,0,0,1
DE,1,75,14,0,0,0,0
DE,1,64,18,0,0,0,0
DE,1,54,13,0,0,0,1
DE,1,55,14,0,1,0,0
DE,1,46,15,0,0,NA,1
DE,0,86,15,0,0,0,0
DE,1,45,18,0,0,0,1
DE,1,65,15,0,0,1,1
DE,0,67,18,0,1,0,1
DE,0,58,13,0,0,0,1
DE,1,74,16,1,0,0,1
DE,1,64,16,0,0,0,1
DE,1,42,11,0,1,0,1
DE,1,61,15,0,0,1,1
DE,0,32,16,0,1,1,1
DE,0,38,17,0,0,1,1
DE,1,80,13,0,1,0,0
DE,0,39,14,0,1,1,1
DE,1,66,11,0,1,0,1
DE,0,49,15,0,0,0,1
DE,1,25,18,0,0,0,1
DE,0,NA,16,0,0,1,NA
DE,1,45,12,1,1,1,0
DE,0,42,13,0,0,0,0
DE,1,68,11,1,0,0,0
DE,1,26,16,1,1,0,1
DE,1,64,13,0,0,0,0
DE,1,20,14,0,0,1,1
DE,0,53,14,0,1,0,1
DE,0,29,9,0,1,0,1
DE,1,16,10,0,1,1,1
DE,1,32,13,0,1,1,1
DE,0,85,13,NA,NA,NA,0
DE,0,43,13,0,0,0,1
DE,0,76,11,0,0,0,0
DE,1,52,13,0,0,1,1
DE,0,26,13,0,1,1,1
DE,1,63,15,0,0,0,1
DE,1,56,12,0,0,0,0
DE,1,70,11,0,0,1,1
DE,1,55,17,0,0,0,1
DE,0,45,12,0,0,1,1
DE,1,57,10,0,0,0,0
DE,0,76,14,0,0,0,0
DE,0,63,12,1,1,1,1
DE,0,62,12,0,1,1,0
DE,0,68,11,0,1,1,1
DE,1,56,16,0,1,0,1
DE,1,55,11,0,0,1,0
DE,0,51,20,0,0,0,1
DE,1,72,11,0,0,0,1
DE,1,34,9,1,0,0,1
DE,0,70,14,0,0,1,1
DE,1,48,13,0,1,1,1
DE,1,48,18,0,0,0,1
DE,1,23,17,0,1,1,1
DE,1,90,20,0,0,0,0
DE,0,51,12,1,1,1,1
DE,1,59,12,0,1,0,1
DE,0,81,15,0,1,0,0
DE,0,29,14,0,0,0,1
DE,1,72,18,0,0,0,1
DE,1,63,15,0,0,0,1
DE,0,23,14,0,0,0,1
DE,0,60,9,0,1,1,0
DE,0,64,8,0,0,1,1
DE,1,21,10,0,1,0,1
DE,1,48,14,0,0,0,1
DE,1,61,9,0,0,0,1
DE,0,62,18,0,1,0,1
DE,1,61,8,1,1,1,1
DE,1,26,13,0,0,0,0
DE,1,84,8,0,1,1,1
DE,1,59,16,0,0,1,0
DE,0,40,13,0,0,0,1
DE,1,49,15,0,0,1,1
DE,1,49,12,0,0,0,1
DE,1,60,14,NA,NA,NA,0
DE,0,54,19,0,0,1,1
DE,0,63,11,0,0,1,1
DE,0,63,17,0,0,0,1
DE,0,28,19,0,0,0,1
DE,0,55,15,0,0,0,1
DE,0,62,15,0,0,0,1
DE,0,46,15,0,0,1,1
DE,1,44,13,0,1,1,1
DE,1,50,13,0,0,0,1
DE,0,57,12,0,0,0,1
DE,0,63,13,0,0,0,0
DE,0,18,11,0,0,1,1
DE,0,74,11,0,1,0,0
DE,1,46,20,0,1,0,1
DE,1,28,15,0,0,NA,1
DE,0,54,12,0,0,0,1
DE,1,63,13,0,1,0,1
DE,1,19,12,0,0,0,1
DE,1,28,22,0,0,0,1
DE,1,71,11,0,0,1,1
DE,0,44,12,0,1,0,1
DE,0,30,14,0,1,0,1
DE,1,67,11,0,0,0,1
DE,1,55,18,0,0,0,1
DE,1,51,16,0,0,0,1
DE,0,33,16,0,0,0,1
DE,1,17,11,0,1,1,1
DE,0,42,11,0,0,0,1
DE,1,93,13,0,1,1,1
DE,1,44,13,1,0,1,1
DE,0,66,14,0,0,0,1
DE,1,33,15,0,1,1,1
DE,1,16,10,0,0,0,1
DE,0,58,12,0,0,1,0
DE,0,66,16,0,0,0,0
DE,0,77,16,0,0,0,1
DE,1,46,13,0,0,0,1
DE,1,68,19,0,0,0,0
DE,1,62,12,0,0,0,0
DE,1,18,12,0,1,1,1
DE,1,41,14,0,0,0,1
DE,0,24,13,0,0,1,1
DE,0,59,10,0,1,0,0
DE,0,61,12,0,0,1,1
DE,1,18,12,0,0,1,1
DE,1,54,12,0,1,0,1
DE,0,82,8,0,0,0,0
DE,1,35,17,0,0,0,1
DE,1,28,13,0,0,0,1
DE,0,44,14,0,1,1,1
DE,1,41,13,1,1,1,1
DE,1,51,12,0,1,0,0
DE,0,27,18,0,1,1,1
DE,1,74,12,0,0,NA,1
DE,0,39,13,0,1,0,1
DE,1,27,15,0,1,0,1
DE,1,83,11,0,0,0,1
DE,1,53,13,0,0,0,1
DE,1,51,17,0,0,0,1
DE,0,44,18,0,0,1,1
DE,0,59,14,1,1,1,1
DE,0,36,17,0,0,0,1
DE,0,33,10,0,0,1,1
DE,1,77,11,0,1,1,0
DE,1,38,9,0,0,0,1
DE,1,38,12,0,0,0,0
DE,0,47,12,0,1,0,1
DE,1,31,16,1,1,0,1
DE,0,83,11,NA,1,1,0
DE,1,46,14,0,1,1,0
DE,1,59,11,0,0,0,0
DE,0,74,13,0,1,0,0
DE,1,76,4,0,0,0,0
DE,1,51,16,0,0,1,1
DE,1,61,12,0,0,0,1
DE,0,47,12,0,0,1,1
DE,1,69,8,NA,NA,NA,0
DE,1,47,13,0,0,0,1
DE,0,54,14,0,0,0,1
DE,1,50,14,0,1,1,1
DE,0,67,15,0,1,0,1
DE,1,64,10,0,0,0,1
DE,1,41,10,0,0,1,1
DE,0,35,20,0,0,0,1
DE,1,62,18,NA,1,0,1
DE,0,28,15,0,1,0,1
DE,1,28,12,0,1,1,1
DE,0,19,13,0,1,0,1
DE,0,55,11,0,0,0,1
DE,1,47,15,0,1,0,1
DE,0,47,12,0,0,0,1
DE,0,29,20,0,0,0,1
DE,0,61,11,0,0,0,1
DE,1,18,12,0,0,0,1
DE,0,35,17,0,0,0,1
DE,0,75,17,0,1,0,1
DE,1,18,13,0,0,0,1
DE,1,35,13,0,1,0,1
DE,0,60,15,0,0,1,1
DE,0,70,11,1,0,1,1
DE,1,65,17,0,1,1,1
DE,1,86,12,0,1,1,1
DE,1,47,21,0,0,1,1
DE,0,34,22,0,1,0,1
DE,0,19,13,0,1,0,1
DE,0,63,11,0,0,0,0
DE,1,27,20,0,0,0,1
DE,0,46,22,0,1,0,1
DE,0,15,10,0,1,0,1
DE,1,71,8,1,1,1,1
DE,1,32,13,0,0,0,1
DE,1,50,24,0,0,0,1
DE,0,35,16,0,1,1,1
DE,0,58,12,0,1,1,1
DE,0,73,11,0,0,1,1
DE,1,59,15,0,1,1,1
DE,1,22,14,0,0,0,1
DE,1,63,11,0,0,1,1
DE,1,61,12,0,0,1,1
DE,0,57,12,0,0,1,0
DE,0,58,11,0,1,1,1
DE,1,17,11,0,1,0,1
DE,1,49,15,1,1,0,1
DE,1,52,14,0,0,0,1
DE,1,45,16,0,0,0,1
DE,0,51,15,0,0,0,1
DE,0,53,20,0,0,0,1
DE,0,65,17,0,0,0,0
DE,0,47,19,0,0,0,1
DE,0,47,19,0,0,0,1
DE,0,64,16,NA,NA,1,0
DE,1,54,18,0,1,0,1
DE,0,39,8,0,1,0,0
DE,1,44,10,0,0,1,1
DE,0,58,12,0,0,1,1
DE,0,50,13,1,0,1,0
DE,1,72,13,0,0,0,1
DE,0,62,19,0,0,0,1
DE,1,70,12,1,1,1,0
DE,1,68,13,0,1,1,1
DE,0,55,18,0,0,0,1
DE,1,73,13,0,0,1,1
DE,0,50,15,0,0,1,0
DE,0,46,17,1,1,0,1
DE,1,18,12,0,0,0,1
DE,1,52,15,0,0,0,1
DE,0,76,NA,0,0,0,1
DE,1,81,9,0,0,0,0
DE,1,65,12,0,0,0,1
DE,1,51,8,0,1,0,1
DE,0,24,16,0,0,0,1
DE,0,68,11,1,0,0,1
DE,0,75,12,0,0,0,1
DE,0,57,14,0,0,0,1
DE,1,21,14,0,0,1,1
DE,0,21,14,0,1,0,1
DE,0,54,12,0,0,0,1
DE,0,21,16,0,0,0,1
DE,1,60,12,0,0,0,1
DE,1,28,17,0,1,1,1
DE,0,57,12,0,0,0,1
DE,0,46,18,0,0,1,1
DE,0,61,13,1,1,0,1
DE,0,38,14,0,1,1,1
DE,1,59,13,1,1,1,1
DE,0,29,12,0,0,1,1
DE,1,54,11,0,1,NA,1
DE,1,57,12,0,0,0,1
DE,0,29,15,0,1,1,1
DE,0,71,10,1,1,1,1
DE,1,49,13,0,0,NA,1
DE,0,77,9,0,0,0,0
DE,1,55,12,0,0,0,1
DE,0,38,19,0,0,0,1
DE,0,43,11,0,0,0,1
DE,0,46,16,0,0,0,1
DE,1,58,13,0,0,1,1
DE,1,63,18,0,NA,0,1
DE,0,27,20,0,1,0,1
DE,0,65,13,0,0,0,1
DE,0,21,14,0,0,0,1
DE,0,51,16,0,0,NA,1
DE,0,73,14,0,0,0,0
DE,1,58,14,1,1,1,0
DE,0,30,17,0,0,0,1
DE,1,32,17,0,1,0,1
DE,0,41,16,0,0,0,1
DE,0,27,15,0,0,0,1
DE,0,49,15,0,0,1,1
DE,0,27,13,0,1,0,1
DE,0,54,15,0,1,0,1
DE,0,63,16,1,1,1,0
DE,1,73,11,0,1,1,1
DE,1,86,13,1,1,1,1
DE,0,28,20,0,0,1,1
DE,0,23,15,0,1,1,1
DE,0,40,16,0,1,0,0
DE,1,27,18,0,0,0,1
DE,1,31,18,0,1,1,1
DE,1,50,16,0,0,0,1
DE,0,42,21,0,1,0,1
DE,0,15,9,0,0,1,1
DE,1,53,12,0,0,1,1
DE,1,19,12,0,1,0,1
DE,0,40,14,0,1,0,1
DE,0,27,18,0,1,0,1
DE,1,70,12,0,1,1,1
DE,0,26,19,0,0,0,1
DE,0,34,16,0,0,1,1
DE,0,53,5,0,0,0,1
DE,1,19,11,0,0,0,1
DE,1,45,20,0,0,0,1
DE,0,52,23,0,0,0,1
DE,0,26,18,0,1,1,1
DE,0,52,13,0,0,0,1
DE,1,41,13,0,0,1,1
DE,0,92,8,0,0,0,1
DE,1,19,13,0,1,1,1
DE,1,74,11,0,1,0,0
DE,1,16,NA,0,0,NA,1
DE,1,81,10,0,0,1,1
DE,1,71,17,0,1,0,0
DE,0,19,13,0,0,0,1
DE,1,63,11,0,0,0,1
DE,0,19,14,0,0,NA,1
DE,0,18,12,0,1,1,1
DE,1,55,14,0,0,0,1
DE,1,51,13,0,0,0,0
DE,1,82,14,0,0,0,1
DE,0,66,12,1,1,1,1
DE,0,42,12,0,1,0,0
DE,0,44,15,0,0,1,1
DE,0,27,12,0,0,0,1
DE,0,69,17,0,1,1,1
DE,0,53,12,0,0,0,0
DE,1,70,12,0,0,1,0
DE,1,87,8,0,0,1,0
DE,0,19,13,0,0,1,1
DE,0,28,13,0,1,0,1
DE,0,56,16,0,0,0,1
DE,0,66,11,0,1,0,1
DE,0,21,13,0,1,1,0
DE,0,47,20,0,0,0,1
DE,1,45,14,0,1,0,0
DE,0,57,12,0,0,0,1
DE,0,64,17,NA,NA,1,1
DE,1,59,15,0,1,1,1
DE,1,64,12,0,0,0,1
DE,0,55,12,0,0,0,1
DE,1,75,19,0,1,NA,1
DE,0,75,10,0,1,0,1
DE,0,50,20,0,0,0,1
DE,1,36,20,0,0,0,1
DE,0,50,12,0,0,NA,1
DE,1,57,13,0,1,0,1
DE,1,67,10,0,1,0,1
DE,1,29,15,0,1,1,1
DE,0,51,8,0,1,1,1
DE,1,44,11,0,0,1,1
DE,0,30,14,0,0,0,1
DE,0,36,18,1,1,1,1
DE,1,26,15,0,0,1,1
DE,1,31,13,0,1,1,1
DE,1,93,16,NA,1,0,0
DE,0,62,16,1,1,1,1
DE,0,46,20,0,0,0,1
DE,1,63,15,0,0,0,0
DE,1,45,14,0,1,0,0
DE,1,51,16,0,0,1,0
DE,0,36,12,0,0,1,1
DE,0,31,17,0,0,0,1
DE,1,28,20,0,0,0,1
DE,0,17,NA,0,0,0,1
DE,1,61,13,0,0,0,0
DE,0,41,13,0,0,1,1
DE,0,25,16,0,1,1,1
DE,0,73,19,0,0,0,1
DE,0,23,10,0,1,0,1
DE,1,70,14,NA,NA,0,0
DE,1,20,13,0,1,0,1
DE,1,49,16,0,0,0,1
DE,1,53,12,0,1,0,1
DE,0,31,16,0,1,0,1
DE,0,48,12,0,1,NA,1
DE,1,71,10,0,0,0,0
DE,1,29,11,0,1,0,1
DE,1,82,21,0,0,1,1
DE,1,49,18,0,0,0,1
DE,1,86,10,NA,NA,NA,0
DE,0,51,12,0,0,0,1
DE,0,65,17,0,1,1,1
DE,0,38,19,0,0,1,1
DE,0,42,16,0,0,0,1
DE,1,15,10,0,0,0,1
DE,0,47,15,1,1,1,1
DE,1,35,16,0,1,1,1
DE,0,30,13,0,1,1,1
DE,1,45,14,1,1,1,0
DE,0,38,19,0,0,0,1
DE,1,76,11,0,0,1,0
DE,1,37,12,0,1,0,0
DE,1,51,16,0,1,0,1
DE,0,27,13,0,0,0,1
DE,0,39,27,0,0,1,1
DE,0,48,20,0,0,0,1
DE,1,22,15,0,0,0,1
DE,1,37,20,0,0,0,1
DE,0,18,12,0,1,0,1
DE,1,49,12,0,0,NA,1
DE,0,66,11,0,0,0,1
DE,1,61,14,0,0,0,1
DE,1,48,15,0,0,0,1
DE,1,102,10,0,0,0,0
DE,1,17,11,0,0,NA,1
DE,0,64,14,1,1,1,1
DE,1,77,12,0,0,1,1
DE,1,57,13,0,0,1,1
DE,1,38,12,0,0,0,1
DE,1,49,16,0,0,0,1
DE,0,47,12,0,0,NA,1
DE,0,73,17,1,0,0,1
DE,0,66,8,0,0,0,1
DE,1,25,13,0,0,0,1
DE,1,63,11,0,1,0,0
DE,0,56,16,0,0,1,1
DE,1,58,17,0,1,1,1
DE,1,17,10,0,0,0,1
DE,0,64,17,0,0,0,0
DE,1,21,14,0,0,0,1
DE,1,54,12,0,0,0,1
DE,0,62,15,0,1,0,1
DE,1,53,12,0,1,0,1
DE,0,23,18,0,0,0,1
DE,0,40,17,0,0,1,1
DE,0,75,10,0,0,1,0
DE,1,75,10,0,1,0,0
DE,0,77,10,0,0,1,0
DE,1,27,21,0,0,0,1
DE,1,77,12,0,0,0,1
DE,0,69,16,0,0,0,0
DE,1,39,14,0,0,0,0
DE,0,72,10,0,0,1,0
DE,0,21,16,0,1,0,1
DE,1,22,15,0,0,0,1
DE,0,24,15,0,0,0,1
DE,0,51,15,0,0,NA,0
DE,1,59,20,0,0,NA,1
DE,0,50,13,0,1,1,1
DE,0,73,19,0,0,0,0
DE,1,45,17,0,0,0,1
DE,0,58,12,0,1,0,1
DE,1,17,10,0,0,0,1
DE,1,36,20,0,1,0,1
DE,0,65,11,0,0,0,1
DE,1,48,13,1,1,0,1
DE,0,58,12,0,0,0,0
DE,1,60,15,0,0,1,1
DE,1,20,13,0,0,0,0
DE,1,55,15,0,1,1,1
DE,1,52,12,0,0,0,0
DE,0,77,16,0,1,1,1
DE,1,37,14,0,1,1,1
DE,0,50,10,0,1,1,1
DE,0,45,20,0,1,0,1
DE,1,46,13,0,0,0,1
DE,0,82,11,0,NA,1,1
DE,1,25,14,0,1,1,1
DE,0,43,13,0,1,1,1
DE,1,41,13,0,0,0,1
DE,0,40,14,1,1,1,1
DE,1,19,11,0,1,1,1
DE,1,57,15,0,1,0,1
DE,0,36,13,0,0,0,1
DE,0,66,21,0,0,1,1
DE,0,72,19,0,1,0,1
DE,1,43,19,0,0,0,1
DE,1,60,17,0,0,1,1
DE,0,58,15,0,1,0,1
DE,0,28,19,0,1,0,1
DE,1,39,14,0,1,0,1
DE,1,58,13,0,0,0,1
DE,1,52,12,0,1,0,1
DE,1,65,9,0,1,1,1
DE,1,37,15,0,0,0,1
DE,0,65,11,0,NA,1,0
DE,0,49,16,0,1,1,1
DE,0,86,8,0,NA,0,0
DE,0,48,14,0,1,0,0
DE,0,50,20,0,0,NA,1
DE,1,59,12,1,0,0,0
DE,0,40,17,0,0,0,1
DE,1,33,20,0,0,0,1
DE,1,57,12,0,0,1,1
DE,1,59,18,0,0,0,1
DE,1,50,14,0,1,1,1
DE,0,46,16,0,0,1,1
DE,0,50,12,1,0,1,1
DE,1,18,13,0,0,0,1
DE,0,60,20,0,0,0,1
DE,1,84,12,1,0,1,0
DE,1,70,17,0,0,1,0
DE,1,38,13,0,1,1,0
DE,0,65,15,0,0,0,0
DE,1,17,11,0,0,0,1
DE,0,53,14,0,1,1,1
DE,0,65,16,0,0,0,0
DE,1,74,22,0,1,0,0
DE,1,63,10,0,0,0,1
DE,0,70,12,0,0,1,0
DE,1,68,14,0,0,0,1
DE,1,57,15,0,0,1,0
DE,0,17,12,0,1,1,1
DE,1,30,15,0,0,0,1
DE,0,54,20,0,0,0,1
DE,0,72,12,0,1,1,1
DE,0,65,16,0,0,1,1
DE,1,65,13,0,0,0,1
DE,1,49,16,0,1,0,1
DE,1,71,13,0,1,0,1
DE,0,38,16,0,0,NA,1
DE,1,45,20,0,0,0,1
DE,0,48,13,0,1,1,0
DE,1,54,10,0,0,0,1
DE,1,56,18,0,0,0,1
DE,1,45,15,0,0,0,0
DE,0,49,25,0,0,0,1
DE,0,47,12,0,0,0,1
DE,1,25,12,0,0,1,1
DE,1,60,14,0,0,1,1
DE,0,37,14,0,1,0,1
DE,0,43,12,0,0,0,1
DE,1,66,11,0,0,0,1
DE,1,50,13,0,0,0,1
DE,0,44,19,0,0,0,1
DE,0,26,17,0,0,0,1
DE,0,29,13,1,1,1,1
DE,1,25,15,0,1,1,1
DE,0,59,16,0,0,0,1
DE,1,35,18,0,0,0,0
DE,1,49,15,0,NA,0,1
DE,0,51,15,0,0,0,1
DE,1,24,18,0,0,0,1
DE,1,42,10,0,1,0,1
DE,0,16,10,0,1,1,1
DE,1,20,15,0,1,0,1
DE,1,29,15,0,0,1,1
DE,1,62,17,0,0,NA,1
DE,1,24,13,0,0,1,0
DE,1,34,15,0,0,NA,1
DE,1,19,12,0,0,0,1
DE,1,80,11,NA,0,1,1
DE,0,62,11,0,1,1,1
DE,0,55,17,0,0,1,1
DE,0,35,17,0,0,0,1
DE,0,43,12,0,0,0,1
DE,1,52,11,0,1,0,1
DE,1,87,8,0,0,1,1
DE,1,65,18,0,0,0,1
DE,1,52,13,0,0,0,1
DE,1,73,16,0,0,0,1
DE,0,66,13,NA,1,1,1
DE,1,23,15,0,0,1,1
DE,0,42,19,0,0,1,1
DE,1,31,13,0,0,1,1
DE,1,46,13,0,0,0,0
DE,1,74,13,0,0,0,1
DE,1,79,9,0,1,1,1
DE,1,54,12,0,1,1,1
DE,0,37,17,0,0,0,1
DE,0,38,NA,0,0,0,1
DE,1,63,15,0,0,1,0
DE,1,34,18,0,0,0,1
DE,0,61,13,0,0,1,1
DE,0,65,25,0,0,0,1
DE,1,15,5,0,0,1,1
DE,0,38,14,0,0,0,1
DE,1,59,12,0,0,0,1
DE,0,63,15,0,0,0,1
DE,0,35,23,0,1,1,1
DE,1,46,15,0,0,0,1
DE,0,48,18,0,1,0,1
DE,0,54,18,0,0,NA,1
DE,0,74,15,0,NA,0,1
DE,1,20,11,0,0,0,1
DE,1,25,16,0,0,NA,1
DE,0,87,11,0,0,1,1
DE,1,47,14,0,NA,0,0
DE,0,40,14,0,0,0,1
DE,0,71,18,0,1,0,1
DE,1,75,12,0,1,1,0
DE,1,81,8,0,1,NA,1
DE,0,51,14,0,1,1,0
DE,1,55,17,0,0,1,1
DE,0,65,18,0,0,0,1
DE,0,51,12,0,1,1,1
DE,0,33,18,0,0,0,1
DE,0,29,14,0,1,0,1
DE,0,55,12,0,0,0,1
DE,0,62,13,1,1,1,1
DE,0,47,15,0,1,1,1
DE,0,29,13,0,0,1,1
DE,1,86,8,0,0,0,1
DE,0,36,21,0,0,0,1
DE,0,33,22,0,1,0,1
DE,1,48,13,0,1,0,1
DE,0,78,19,0,1,NA,1
DE,0,46,14,0,0,0,0
DE,0,35,13,0,0,0,1
DE,1,24,14,0,0,1,1
DE,0,32,15,0,0,0,1
DE,0,72,12,0,0,1,1
DE,1,61,11,0,0,0,1
DE,0,31,14,0,1,1,1
DE,0,76,16,0,1,0,1
DE,0,77,11,0,1,0,1
DE,0,19,13,0,1,NA,1
DE,1,19,13,0,0,1,1
DE,1,44,11,0,1,0,1
DE,1,82,11,0,0,0,1
DE,1,89,12,0,0,0,1
DE,0,34,17,0,0,0,1
DE,0,58,13,1,0,1,0
DE,1,45,15,0,0,1,0
DE,0,68,16,0,0,0,1
DE,0,35,11,1,1,1,1
DE,0,55,12,0,1,1,1
DE,0,57,15,1,1,1,1
DE,1,47,15,0,0,NA,1
DE,1,52,16,0,0,0,1
DE,0,45,14,0,0,0,1
DE,1,50,12,0,0,1,1
DE,1,57,17,0,0,0,1
DE,0,53,13,0,0,1,1
DE,1,22,13,0,0,0,1
DE,0,75,19,0,1,0,0
DE,0,72,11,0,1,1,0
DE,1,23,11,0,0,0,1
DE,0,68,13,0,0,1,1
DE,1,38,15,0,0,NA,1
DE,0,65,11,0,1,1,1
DE,0,50,11,0,0,0,1
DE,1,25,11,0,0,0,1
DE,0,38,18,0,0,0,1
DE,1,65,13,1,1,1,1
DE,0,72,10,1,0,1,0
DE,0,65,13,0,1,1,1
DE,0,69,13,0,1,1,1
DE,1,24,16,0,1,1,1
DE,0,35,21,0,0,0,1
DE,0,73,15,0,0,0,1
DE,0,19,14,0,0,1,1
DE,0,21,13,0,0,0,1
DE,0,50,13,1,1,0,1
DE,1,NA,8,NA,NA,NA,0
DE,0,47,12,0,1,0,1
DE,1,71,13,1,NA,NA,1
DE,1,NA,9,0,0,0,1
DE,0,23,15,0,1,0,1
DE,1,71,12,0,0,0,1
DE,0,60,17,0,0,1,1
DE,0,34,18,0,1,0,1
DE,1,21,12,0,0,1,1
DE,1,44,18,0,0,0,1
DE,1,20,10,0,0,0,1
DE,1,74,11,0,1,0,0
DE,0,64,11,0,0,0,0
DE,0,40,19,0,1,0,1
DE,1,59,14,0,0,0,1
DE,0,15,9,0,1,0,1
DE,1,20,15,0,0,0,1
DE,1,72,15,0,0,0,1
DE,1,16,10,0,0,0,1
DE,0,50,12,0,0,1,0
DE,1,41,12,1,0,1,0
DE,1,49,14,0,0,1,1
DE,1,40,15,0,0,1,1
DE,1,43,14,0,0,0,1
DE,1,32,16,0,0,1,1
DE,1,68,17,0,0,1,0
DE,1,38,19,0,1,0,1
DE,0,64,13,0,1,1,1
DE,1,50,14,0,0,1,1
DE,1,23,14,0,0,0,1
DE,1,53,15,0,0,1,1
DE,1,42,12,0,0,1,1
DE,1,24,11,0,1,0,1
DE,0,86,11,0,1,1,0
DE,1,29,13,0,1,0,1
DE,0,27,18,0,0,1,1
DE,1,35,20,0,0,0,1
DE,0,51,12,0,0,0,1
DE,1,80,12,0,0,0,1
DE,0,30,11,0,1,0,1
DE,1,76,11,0,1,NA,1
DE,1,34,20,0,1,0,1
DE,0,40,18,0,1,0,1
DE,1,76,11,0,0,1,0
DE,0,45,18,0,0,0,1
DE,0,36,15,0,0,1,0
DE,1,37,23,0,0,0,1
DE,0,51,18,0,0,0,1
DE,0,73,19,0,1,1,1
DE,1,40,20,0,0,0,1
DE,1,35,16,1,1,1,1
DE,0,72,15,0,1,0,1
DE,1,39,13,NA,NA,NA,0
DE,0,25,13,0,0,0,1
DE,1,72,10,0,0,1,1
DE,0,16,10,0,0,0,1
DE,0,48,12,0,1,0,1
DE,0,64,10,0,1,1,1
DE,1,31,12,0,0,1,1
DE,1,72,10,0,0,1,1
DE,1,28,17,0,1,0,1
DE,0,16,10,0,1,0,1
DE,1,70,11,NA,1,1,1
DE,0,74,16,0,1,0,0
DE,1,37,13,0,1,0,0
DE,0,62,21,0,1,0,1
DE,1,24,14,0,0,0,1
DE,0,80,14,0,0,0,NA
DE,0,70,12,0,0,0,1
DE,1,64,14,0,0,0,1
DE,0,63,14,0,0,0,1
DE,0,69,16,0,1,1,0
DE,1,93,8,NA,NA,NA,0
DE,0,71,19,NA,1,1,1
DE,0,57,12,0,0,0,1
DE,1,52,21,0,0,0,1
DE,1,24,17,0,0,0,1
DE,1,51,14,1,1,1,1
DE,0,19,12,0,0,0,1
DE,1,74,11,0,0,0,0
DE,0,58,16,0,0,0,1
DE,1,68,16,0,0,NA,1
DE,0,16,10,1,1,1,1
DE,0,45,13,0,1,0,1
DE,0,36,12,0,1,1,1
DE,0,41,14,0,0,1,1
DE,1,74,12,0,0,0,1
DE,0,34,11,NA,NA,0,1
DE,0,26,18,0,0,1,1
DE,0,56,15,0,0,0,1
DE,0,74,15,0,1,0,0
DE,1,73,14,0,1,1,0
DE,1,44,11,0,0,1,1
DE,1,24,13,0,0,0,1
DE,1,56,16,1,0,0,1
DE,1,29,9,0,0,1,1
DE,0,38,13,0,0,0,1
DE,0,71,16,0,0,1,1
DE,1,72,13,0,1,0,1
DE,1,18,12,0,NA,0,1
DE,0,29,17,0,1,0,1
DE,0,49,12,0,0,0,1
DE,0,71,21,1,1,1,1
DE,0,56,20,0,1,1,1
DE,1,51,12,0,0,0,1
DE,0,68,12,0,0,0,0
DE,1,76,12,0,0,0,0
DE,0,34,19,0,1,1,1
DE,1,40,8,0,0,0,1
DE,1,76,18,0,0,0,0
DE,0,64,14,1,1,0,1
DE,0,37,14,0,0,0,1
DE,0,21,14,0,1,1,1
DE,1,15,10,0,0,0,1
DE,0,54,12,0,0,1,0
DE,1,24,13,0,0,1,0
DE,1,57,22,0,1,1,1
DE,1,49,15,0,0,1,1
DE,0,39,15,0,0,1,1
DE,1,17,12,0,0,0,1
DE,1,72,13,0,0,0,0
DE,1,38,12,1,1,1,1
DE,0,54,12,0,1,0,1
DE,1,27,15,0,0,0,1
DE,1,22,15,0,0,0,1
DE,1,39,13,0,0,1,1
DE,0,21,15,0,0,0,1
DE,1,70,11,0,1,0,1
DE,1,57,15,0,0,0,1
DE,0,52,17,0,1,1,1
DE,0,28,18,0,0,0,1
DE,0,46,19,0,0,0,1
DE,1,79,11,0,1,1,1
DE,1,53,12,0,0,1,1
DE,1,44,16,0,0,0,0
DE,0,60,12,0,0,0,1
DE,1,27,16,0,0,0,1
DE,1,53,12,0,0,0,1
DE,0,16,10,0,0,1,1
DE,1,55,10,1,1,1,1
DE,1,37,16,0,1,0,1
DE,0,52,10,0,0,0,1
DE,1,80,16,0,0,1,0
DE,1,31,16,0,1,0,1
DE,0,49,10,0,0,0,0
DE,1,73,8,0,1,0,0
DE,0,54,12,0,0,NA,0
DE,0,61,10,0,1,0,1
DE,1,34,22,0,0,0,1
DE,0,68,14,0,1,1,0
DE,1,63,15,0,1,1,0
DE,0,45,12,0,0,0,1
DE,1,19,12,0,0,1,1
DE,1,76,10,0,0,0,0
DE,0,84,14,0,1,1,1
DE,0,73,16,0,1,0,1
DE,0,56,12,0,0,0,1
DE,1,62,17,0,1,1,0
DE,1,47,13,0,0,0,1
DE,1,76,11,NA,NA,NA,0
DE,0,70,13,0,0,0,1
DE,0,75,14,1,0,0,1
DE,1,53,16,0,0,0,1
DE,1,53,11,NA,NA,NA,1
DE,1,17,12,0,1,0,1
DE,0,15,10,0,1,1,1
DE,1,56,14,0,1,1,1
DE,0,67,13,0,0,1,1
DE,0,33,13,1,1,0,1
DE,0,38,14,1,1,1,1
DE,1,26,16,0,1,0,1
DE,0,43,14,0,0,NA,1
DE,1,78,15,0,0,1,0
DE,1,68,11,0,0,0,1
DE,1,41,15,0,0,0,1
DE,1,80,9,1,1,1,1
DE,0,88,14,0,0,0,1
DE,0,52,12,0,1,1,1
DE,0,27,15,0,0,1,1
DE,1,51,13,0,1,0,0
DE,1,38,19,0,0,0,1
DE,0,57,14,0,1,0,1
DE,0,15,9,0,0,0,0
DE,1,42,13,0,1,1,1
DE,0,80,17,0,1,1,0
DE,1,53,10,1,0,0,0
DE,1,44,11,0,1,1,0
DE,1,42,12,0,0,0,0
DE,1,51,12,0,NA,NA,0
DE,1,43,17,0,0,1,1
DE,0,18,12,0,0,0,1
DE,1,54,12,0,0,NA,0
DE,1,19,14,0,0,0,1
DE,0,62,12,0,1,1,1
DE,0,47,13,0,0,0,1
DE,0,64,12,0,0,0,1
DE,1,36,10,0,0,NA,1
DE,1,33,14,0,0,0,1
DE,1,72,11,0,0,0,0
DE,0,27,18,0,0,0,1
DE,1,26,18,0,0,0,1
DE,0,57,12,0,0,0,1
DE,1,37,16,0,0,0,1
DE,0,50,12,0,0,1,1
DE,1,34,23,0,0,0,1
DE,0,53,17,0,0,1,1
DE,1,80,16,0,0,NA,1
DE,0,73,14,0,0,0,1
DE,1,67,13,0,1,1,1
DE,1,39,18,0,0,1,1
DE,0,33,20,0,0,0,1
DE,1,34,22,0,0,1,1
DE,0,47,15,0,0,0,1
DE,0,25,17,0,0,0,1
DE,1,36,13,0,1,1,1
DE,1,22,15,0,1,1,1
DE,1,40,13,0,0,0,1
DE,0,36,19,0,0,1,1
DE,1,62,15,1,1,1,0
DE,1,66,16,0,0,0,1
DE,0,58,17,0,0,0,1
DE,0,59,16,1,1,0,1
DE,0,47,13,0,1,0,1
DE,1,33,15,0,0,0,1
DE,0,44,18,0,0,0,1
DE,0,62,13,0,0,0,1
DE,0,77,16,0,0,1,1
DE,0,51,12,0,1,1,1
DE,1,49,21,0,1,0,1
DE,1,79,19,0,0,0,1
DE,0,73,18,0,0,0,1
DE,1,71,11,0,0,1,1
DE,1,33,18,0,1,0,1
DE,0,34,23,0,0,0,1
DE,0,84,13,0,1,1,0
DE,0,59,12,0,1,0,1
DE,0,29,19,0,0,0,1
DE,0,46,15,0,1,0,1
DE,0,73,17,1,1,NA,1
DE,1,78,8,1,0,NA,1
DE,0,52,13,0,0,0,1
DE,1,71,8,NA,0,NA,1
DE,1,39,26,0,0,0,1
DE,1,45,13,0,0,0,1
DE,1,49,12,0,0,1,1
DE,0,57,12,1,1,1,1
DE,0,52,16,0,0,1,1
DE,1,71,14,0,1,0,1
DE,0,67,11,NA,1,1,1
DE,0,41,13,0,0,0,0
DE,1,48,20,0,0,0,1
DE,1,65,17,0,1,0,1
DE,0,20,13,0,0,0,1
DE,1,73,11,0,0,NA,0
DE,0,54,19,0,0,0,1
DE,1,36,20,0,0,0,1
DE,0,52,19,0,1,0,1
DE,0,46,13,0,0,0,1
DE,1,56,14,0,0,0,1
DE,0,50,13,0,1,0,1
DE,1,46,17,0,NA,0,1
DE,0,51,14,0,1,1,1
DE,0,40,18,0,1,0,1
DE,0,63,16,0,0,1,1
DE,1,52,13,0,1,0,1
DE,0,48,19,0,1,0,1
DE,1,51,14,0,0,0,1
DE,1,75,18,NA,0,1,0
DE,0,46,20,0,1,0,1
DE,0,53,13,0,0,0,1
DE,1,21,13,0,0,0,1
DE,0,76,18,NA,1,1,1
DE,0,70,17,0,1,1,1
DE,1,65,11,0,0,0,0
DE,0,76,12,0,1,1,1
DE,0,45,18,0,0,1,1
DE,0,21,16,0,0,0,1
DE,0,65,12,0,0,0,1
DE,0,52,19,0,0,0,1
DE,1,85,13,0,NA,0,0
DE,0,55,18,0,0,0,1
DE,1,57,18,0,0,0,1
DE,1,22,16,0,1,0,1
DE,1,50,17,0,1,0,1
DE,1,61,12,0,1,NA,1
DE,0,16,9,0,0,0,1
DE,0,50,13,0,1,1,1
DE,1,48,16,0,1,0,1
DE,1,45,11,0,1,0,1
DE,0,17,10,0,0,0,1
DE,1,29,12,0,1,0,1
DE,1,45,12,0,0,0,1
DE,1,49,15,0,1,0,1
DE,1,89,13,0,0,0,0
DE,1,61,15,0,0,0,1
DE,0,39,13,0,0,0,1
DE,1,21,14,0,1,0,1
DE,1,43,11,0,0,1,1
DE,1,50,17,0,NA,1,1
DE,1,84,9,0,0,0,0
DE,1,21,13,0,0,0,0
DE,1,36,13,0,0,0,1
DE,0,51,13,0,0,0,1
DE,1,62,11,0,1,0,0
DE,1,30,11,0,0,1,1
DE,0,53,15,0,0,0,1
DE,1,26,13,0,0,1,0
DE,1,47,15,0,0,0,1
DE,1,63,18,0,0,0,1
DE,0,75,13,0,1,1,1
DE,0,73,15,0,1,0,0
DE,1,41,22,0,0,1,1
DE,1,17,12,0,0,1,1
DE,0,44,13,0,0,1,1
DE,1,86,10,0,1,1,1
DE,0,55,16,0,1,0,1
DE,0,59,14,0,0,0,1
DE,0,56,11,0,1,0,1
DE,0,52,13,1,1,0,1
DE,0,48,14,0,0,0,1
DE,0,38,13,0,0,0,1
DE,0,82,15,1,1,1,0
DE,1,30,13,1,1,1,1
DE,1,59,12,0,0,1,1
DE,1,75,10,0,1,1,0
DE,0,63,9,0,0,0,1
DE,0,81,20,0,0,0,NA
DE,1,70,12,0,1,0,1
DE,0,88,11,0,1,0,0
DE,1,85,8,0,0,1,1
DE,0,43,15,0,0,1,1
DE,1,65,19,0,0,0,0
DE,1,17,11,0,0,0,1
DE,0,47,18,0,0,0,1
DE,0,69,12,1,1,1,0
DE,0,65,15,0,0,NA,1
DE,0,70,12,0,0,0,1
DE,1,51,14,0,0,1,1
DE,0,23,14,0,0,0,1
DE,1,67,11,0,0,0,1
DE,1,68,12,0,0,0,0
DE,1,69,12,0,1,1,0
DE,1,51,16,0,1,0,1
DE,0,73,15,0,1,1,1
DE,1,25,16,0,1,1,1
DE,1,72,13,1,1,1,1
DE,0,19,12,0,1,0,1
DE,0,20,11,0,0,1,0
DE,0,68,13,0,0,1,0
DE,0,89,2,0,1,0,0
DE,0,25,14,0,0,1,1
DE,0,49,22,0,1,1,0
DE,1,38,9,0,0,1,1
DE,1,57,14,0,0,NA,1
DE,1,51,18,1,1,1,1
DE,0,45,13,1,1,1,1
DE,1,48,16,0,0,1,1
DE,0,63,13,0,0,0,1
DE,0,44,12,0,0,0,1
DE,0,18,12,0,0,0,1
DE,1,53,19,0,0,0,1
DE,0,22,16,0,0,0,1
DE,1,61,20,0,0,0,1
DE,0,37,22,0,0,1,1
DE,1,49,13,0,0,0,0
DE,0,71,12,0,1,1,1
DE,1,17,12,0,0,0,1
DE,1,56,12,0,0,0,0
DE,1,77,11,0,1,1,1
DE,0,76,15,0,0,0,1
DE,0,64,18,0,0,0,0
DE,0,70,15,0,0,0,1
DE,0,50,12,0,1,0,1
DE,1,60,12,1,1,0,1
DE,1,71,11,0,1,0,0
DE,1,58,14,0,1,0,1
DE,0,79,12,0,0,1,1
DE,0,66,14,0,0,0,0
DE,0,41,14,0,0,0,1
DE,0,56,16,0,0,0,1
DE,1,79,13,0,1,1,0
DE,0,37,7,0,1,1,1
DE,1,70,13,0,0,0,0
DE,0,37,22,0,1,0,1
DE,1,65,14,0,1,0,0
DE,0,47,19,0,0,1,1
DE,0,40,13,0,0,1,1
DE,0,45,17,0,1,0,0
DE,1,42,16,0,1,1,1
DE,1,62,10,0,NA,0,0
DE,1,87,14,NA,1,1,1
DE,0,47,16,0,0,1,1
DE,1,20,14,0,0,0,1
DE,1,53,12,0,0,1,1
DE,0,24,14,0,0,0,1
DE,0,51,16,0,0,0,1
DE,1,32,14,0,0,NA,1
DE,1,44,14,0,1,0,1
DE,0,16,NA,0,1,1,1
DE,1,64,13,0,1,0,0
DE,1,34,18,0,0,0,1
DE,0,61,15,0,1,0,0
DE,0,46,12,0,0,1,1
DE,0,58,13,0,1,1,1
DE,1,62,20,0,0,1,1
DE,0,76,10,0,0,0,0
DE,1,80,10,0,0,1,0
DE,0,55,14,1,1,1,1
DE,0,22,15,0,0,1,1
DE,0,44,13,1,1,0,1
DE,0,61,18,1,1,0,1
DE,1,36,10,1,1,1,1
DE,0,38,16,0,0,0,1
DE,1,27,16,0,0,0,0
DE,0,29,15,0,0,1,1
DE,1,26,15,0,0,0,0
DE,0,72,17,0,1,1,0
DE,1,75,10,0,0,0,0
DE,0,41,18,0,0,0,1
DE,1,30,13,0,0,0,1
DE,1,51,18,0,1,1,1
DE,1,86,10,0,0,0,0
DE,0,73,13,0,1,1,1
DE,1,62,16,0,0,1,1
DE,0,79,15,0,0,0,1
DE,1,15,10,0,0,1,0
DE,1,57,14,0,0,0,0
DE,1,54,13,0,1,0,1
DE,1,29,14,0,0,0,1
DE,0,23,14,0,1,0,1
DE,1,57,10,0,0,0,1
DE,1,53,16,0,1,0,1
DE,0,65,17,1,1,1,1
DE,1,49,21,0,0,1,1
DE,1,45,15,0,1,NA,1
DE,0,66,20,0,1,0,0
DE,1,79,8,0,0,0,0
DE,0,24,16,0,0,1,1
DE,1,21,13,0,0,1,1
DE,0,50,15,0,1,0,1
DE,1,21,13,0,0,1,1
DE,1,63,15,0,0,1,1
DE,0,53,13,0,0,1,1
DE,0,35,14,0,0,1,1
DE,1,31,17,0,1,0,1
DE,1,27,16,0,1,1,1
DE,0,38,18,1,1,1,1
DE,0,26,18,0,0,0,1
DE,1,76,10,1,1,1,0
DE,0,32,19,1,1,0,0
DE,0,16,10,0,0,0,1
DE,1,39,18,0,1,1,1
DE,1,66,11,1,1,0,1
DE,1,49,12,0,0,0,1
DE,1,64,17,0,1,0,1
DE,0,60,19,0,0,1,1
DE,1,85,8,0,1,1,0
DE,1,26,14,0,0,0,1
DE,1,52,12,0,0,1,1
DE,0,21,16,0,0,1,1
DE,0,19,13,0,0,0,1
DE,1,74,12,0,0,0,1
DE,0,52,13,1,1,0,1
DE,1,39,12,0,0,0,1
DE,0,51,14,0,1,1,1
DE,1,38,14,1,1,1,1
DE,1,55,17,0,0,0,1
DE,0,49,22,0,0,0,0
DE,0,81,11,1,1,1,1
DE,1,27,15,0,1,0,1
DE,0,18,11,0,1,0,1
DE,1,36,20,0,0,NA,1
DE,1,64,11,0,1,1,1
DE,0,37,11,0,0,1,0
DE,0,50,16,NA,NA,1,0
DE,0,46,14,0,0,0,1
DE,1,45,14,1,1,1,1
DE,0,62,13,0,1,1,1
DE,0,59,12,1,1,1,1
DE,0,29,16,0,0,0,1
DE,1,53,19,0,0,0,1
DE,0,55,12,NA,NA,1,0
DE,1,40,17,0,0,0,1
DE,1,87,12,0,1,0,1
DE,1,48,12,0,1,1,1
DE,0,57,15,0,0,1,1
DE,0,55,10,0,0,NA,0
DE,0,18,11,0,0,0,1
DE,0,50,13,0,0,0,1
DE,1,51,18,0,0,0,1
DE,1,22,15,0,1,0,1
DE,1,43,12,0,1,0,1
DE,1,36,15,0,0,1,1
DE,1,40,16,0,0,NA,1
DE,1,78,11,0,1,1,0
DE,1,53,13,0,0,1,0
DE,0,75,13,0,0,0,0
DE,0,62,13,0,1,NA,1
DE,0,67,17,NA,1,1,1
DE,0,20,14,0,0,0,1
DE,0,40,12,0,0,0,1
DE,1,66,10,0,NA,1,1
DE,0,34,13,0,0,0,1
DE,0,31,12,0,1,1,1
DE,1,39,21,0,0,0,1
DE,0,27,17,0,0,0,1
DE,1,49,17,0,0,0,1
DE,1,24,13,0,0,0,1
DE,0,67,13,0,0,0,1
DE,0,54,12,0,1,0,1
DE,1,73,14,1,1,0,0
DE,1,70,11,0,1,0,1
DE,0,70,19,0,1,0,0
DE,1,54,13,0,0,0,1
DE,1,66,12,0,1,0,1
DE,0,69,19,0,1,1,1
FR,1,36,11,0,1,0,1
FR,1,59,13,0,0,0,1
FR,0,41,18,0,1,1,1
FR,0,39,10,0,1,1,1
FR,1,36,17,0,1,0,0
FR,0,15,9,NA,NA,NA,0
FR,1,56,14,0,0,0,1
FR,0,20,10,0,0,0,1
FR,0,23,19,0,1,0,1
FR,1,69,NA,0,1,1,1
FR,0,40,20,0,0,0,1
FR,0,45,15,0,0,0,1
FR,1,20,14,0,1,0,1
FR,1,41,12,0,NA,0,1
FR,0,78,11,0,1,0,1
FR,0,41,18,0,1,0,1
FR,0,23,17,0,0,0,1
FR,1,67,15,0,0,0,1
FR,1,18,12,0,0,0,1
FR,1,66,17,0,0,0,1
FR,0,79,19,0,0,0,1
FR,1,56,17,0,0,0,1
FR,1,66,15,0,1,0,1
FR,1,22,15,0,0,0,1
FR,1,67,17,0,0,1,1
FR,1,27,17,0,1,0,1
FR,1,69,17,0,0,0,1
FR,1,53,17,0,1,0,1
FR,1,36,11,0,0,0,1
FR,1,57,17,0,0,0,1
FR,1,68,13,0,0,0,1
FR,0,61,13,0,0,0,1
FR,1,67,20,0,0,0,1
FR,1,57,15,0,0,0,1
FR,0,26,17,0,0,0,1
FR,1,48,19,0,0,0,1
FR,0,40,13,0,0,0,1
FR,1,19,14,0,1,1,0
FR,1,55,17,0,1,0,1
FR,1,30,18,0,1,0,1
FR,0,22,16,0,0,0,1
FR,0,25,17,0,0,0,1
FR,1,59,9,0,1,0,1
FR,1,36,14,NA,0,0,1
FR,1,79,11,0,0,0,1
FR,0,72,17,0,1,0,1
FR,0,33,19,0,1,0,1
FR,0,23,17,0,1,0,1
FR,0,34,17,0,0,0,1
FR,1,67,13,0,1,1,1
FR,0,32,20,0,0,0,1
FR,1,79,11,0,1,0,1
FR,1,55,17,0,0,0,1
FR,0,84,16,0,0,1,1
FR,0,25,19,0,0,1,1
FR,1,87,11,0,1,0,1
FR,0,76,17,1,1,1,0
FR,0,72,19,0,1,1,1
FR,1,30,14,0,0,0,1
FR,0,77,9,1,1,1,1
FR,0,54,10,0,1,1,0
FR,0,22,14,0,1,1,1
FR,1,40,9,0,1,0,1
FR,1,20,12,0,1,0,1
FR,1,30,12,1,1,1,0
FR,0,26,18,0,0,0,1
FR,0,27,18,1,0,1,1
FR,0,55,17,0,1,0,1
FR,0,62,9,NA,NA,0,0
FR,1,46,16,1,1,0,1
FR,0,38,18,0,1,1,1
FR,1,35,17,0,0,0,1
FR,0,35,6,0,1,1,0
FR,1,26,17,0,0,0,1
FR,0,66,9,0,1,1,1
FR,1,45,15,0,1,0,1
FR,1,48,21,0,1,0,1
FR,0,30,20,0,1,0,1
FR,1,71,15,0,1,0,1
FR,0,59,3,0,1,1,1
FR,0,72,14,0,1,1,1
FR,0,58,10,0,1,1,1
FR,1,85,12,0,0,NA,1
FR,1,30,15,0,0,0,1
FR,1,69,16,0,1,1,1
FR,1,42,11,1,1,0,1
FR,0,59,26,0,0,0,1
FR,1,48,18,0,0,0,1
FR,1,59,8,0,0,1,1
FR,1,55,12,0,0,0,1
FR,0,36,21,0,1,1,1
FR,0,17,14,0,1,1,1
FR,1,53,11,0,0,0,1
FR,1,35,6,0,0,0,1
FR,1,83,16,0,0,0,1
FR,0,60,10,0,1,0,1
FR,1,43,15,0,0,0,1
FR,1,39,12,0,0,0,1
FR,0,64,16,0,1,0,1
FR,1,70,12,0,0,0,1
FR,0,46,5,0,1,0,1
FR,1,70,12,0,1,0,1
FR,0,28,15,0,0,1,1
FR,0,39,12,0,1,0,1
FR,1,53,12,0,1,0,1
FR,0,69,13,0,0,1,1
FR,0,60,8,0,1,0,1
FR,1,32,10,0,1,1,1
FR,0,48,13,1,NA,0,1
FR,1,54,20,0,0,0,1
FR,0,68,5,0,0,1,0
FR,1,68,12,0,0,0,1
FR,0,66,19,0,0,1,1
FR,1,60,14,0,1,0,1
FR,1,64,17,0,0,0,1
FR,0,64,15,0,0,0,1
FR,0,48,12,0,0,0,1
FR,1,17,11,0,1,0,1
FR,1,55,11,1,1,1,0
FR,1,16,11,0,1,0,1
FR,0,85,9,NA,1,1,1
FR,1,56,24,0,1,0,1
FR,1,70,13,0,0,0,1
FR,1,23,16,0,1,1,0
FR,1,66,5,0,0,0,0
FR,0,46,6,0,1,0,1
FR,0,37,10,0,1,0,1
FR,0,83,9,1,1,1,0
FR,0,70,7,1,1,0,1
FR,0,50,18,0,0,0,1
FR,1,58,0,0,1,0,1
FR,1,61,12,0,1,0,1
FR,1,75,9,0,0,1,1
FR,1,65,16,0,1,0,1
FR,1,60,12,1,1,1,1
FR,1,73,17,0,1,NA,1
FR,1,68,9,1,1,1,1
FR,1,25,12,0,1,0,1
FR,0,78,10,NA,NA,0,1
FR,0,58,14,0,0,0,1
FR,1,78,4,NA,0,0,0
FR,0,30,15,0,0,0,1
FR,0,40,17,0,0,0,1
FR,1,19,14,0,0,0,1
FR,0,54,9,0,1,0,1
FR,0,32,18,0,1,0,1
FR,0,33,15,0,1,0,1
FR,1,54,10,0,1,0,0
FR,1,35,12,0,0,0,1
FR,1,62,11,0,1,0,1
FR,1,73,11,1,1,1,1
FR,0,58,21,0,0,0,1
FR,0,62,8,1,1,0,1
FR,0,41,19,0,1,0,1
FR,1,51,11,0,1,0,1
FR,1,78,10,0,1,0,1
FR,1,22,14,0,0,0,1
FR,1,33,13,0,0,0,1
FR,0,64,9,0,1,1,1
FR,0,49,14,0,1,0,1
FR,1,43,14,0,0,0,1
FR,0,56,4,NA,NA,0,0
FR,0,59,16,0,0,0,1
FR,1,23,17,1,1,0,1
FR,1,17,11,0,0,0,1
FR,0,36,17,0,0,0,1
FR,0,60,20,0,0,0,1
FR,0,58,10,0,1,0,1
FR,1,69,14,0,1,0,1
FR,1,74,18,0,0,1,0
FR,1,39,19,0,1,0,1
FR,0,15,10,0,1,0,1
FR,1,67,17,0,1,0,1
FR,0,53,7,NA,1,0,1
FR,1,55,NA,0,0,0,1
FR,1,69,5,0,1,0,1
FR,1,55,6,0,1,0,1
FR,0,59,11,0,1,1,1
FR,0,55,16,1,0,0,1
FR,0,44,13,0,0,0,1
FR,0,47,17,0,1,0,1
FR,1,65,50,0,1,1,1
FR,0,31,20,0,1,0,1
FR,1,44,21,0,0,0,1
FR,1,49,10,0,1,0,1
FR,1,81,8,0,1,0,0
FR,1,33,18,0,0,0,1
FR,0,18,12,0,0,1,1
FR,1,72,14,0,1,0,1
FR,1,23,9,0,1,0,1
FR,1,60,5,0,0,1,1
FR,1,54,12,0,1,0,1
FR,1,19,13,0,0,0,1
FR,0,56,9,0,1,0,1
FR,0,35,20,0,0,0,1
FR,1,51,15,0,0,1,1
FR,0,67,20,0,1,0,1
FR,1,50,17,0,0,1,1
FR,0,43,22,0,1,1,1
FR,0,62,13,1,1,0,1
FR,1,26,18,0,1,0,1
FR,1,17,10,0,0,0,1
FR,0,58,13,0,0,0,1
FR,0,18,12,0,0,0,1
FR,0,30,20,0,0,0,1
FR,0,38,14,0,0,0,1
FR,1,40,14,0,0,0,1
FR,0,21,12,0,0,1,1
FR,1,78,14,0,1,0,1
FR,1,36,17,0,0,1,1
FR,0,38,16,0,1,1,1
FR,0,76,16,0,1,0,1
FR,1,60,11,0,0,0,0
FR,1,25,15,0,1,1,0
FR,0,37,17,0,0,0,1
FR,1,85,12,0,1,0,0
FR,1,64,0,0,1,NA,0
FR,0,70,14,0,0,0,0
FR,1,76,10,0,0,0,1
FR,0,38,18,0,0,1,1
FR,0,32,12,0,0,0,1
FR,0,38,14,0,1,0,1
FR,1,86,11,0,0,NA,1
FR,1,53,13,0,1,0,1
FR,0,35,19,0,0,0,1
FR,1,74,9,0,0,0,1
FR,0,88,8,0,0,1,1
FR,0,76,9,0,1,0,1
FR,0,42,17,0,1,0,1
FR,1,39,9,0,1,0,1
FR,1,58,13,NA,NA,NA,1
FR,1,79,10,0,1,1,1
FR,0,59,17,0,0,0,1
FR,1,44,19,0,0,0,1
FR,0,57,15,0,0,0,1
FR,1,74,10,0,0,1,0
FR,1,65,16,1,1,0,1
FR,0,22,15,0,0,0,1
FR,0,62,15,0,0,0,1
FR,0,21,15,0,0,0,1
FR,0,43,17,0,0,0,1
FR,1,20,17,0,0,0,1
FR,1,60,19,0,1,1,1
FR,1,66,3,0,1,0,1
FR,0,29,19,0,1,0,1
FR,1,42,20,0,0,0,1
FR,1,75,8,0,0,0,1
FR,0,49,20,0,1,0,1
FR,1,37,17,0,0,0,1
FR,1,64,10,0,1,0,1
FR,0,50,18,0,0,1,1
FR,0,77,17,0,1,1,1
FR,1,33,18,0,0,0,1
FR,0,72,15,0,1,NA,1
FR,1,37,21,0,0,0,1
FR,1,57,17,0,0,0,1
FR,0,27,13,0,1,0,1
FR,1,40,16,1,1,1,1
FR,1,58,18,0,0,0,1
FR,1,33,9,0,1,0,1
FR,1,55,11,0,1,0,1
FR,1,28,9,NA,1,NA,0
FR,0,43,17,0,0,0,1
FR,1,34,17,0,0,0,1
FR,1,19,14,0,1,0,1
FR,1,28,12,0,0,0,1
FR,0,68,9,1,1,0,1
FR,0,46,12,0,0,0,1
FR,0,82,9,0,0,1,1
FR,1,66,9,0,1,0,1
FR,0,55,13,0,0,0,1
FR,0,63,13,0,0,0,1
FR,0,49,11,0,1,1,1
FR,0,69,10,0,0,0,0
FR,1,48,12,1,1,0,1
FR,1,34,18,0,0,0,1
FR,0,47,14,0,0,0,1
FR,1,79,11,0,1,0,1
FR,1,79,12,0,1,0,0
FR,1,28,13,1,1,1,1
FR,0,61,10,0,0,1,0
FR,1,76,7,0,0,1,0
FR,1,52,8,0,1,1,1
FR,0,67,5,0,0,0,1
FR,0,78,7,NA,1,0,0
FR,0,48,19,0,1,1,1
FR,0,54,11,1,1,1,1
FR,0,63,12,0,1,1,1
FR,1,71,7,0,0,0,1
FR,1,17,12,0,0,1,1
FR,0,42,11,0,1,0,1
FR,0,62,9,0,1,0,1
FR,0,45,13,1,1,1,1
FR,1,22,10,0,1,0,1
FR,1,44,15,1,1,0,1
FR,0,81,10,0,1,1,1
FR,1,19,14,0,0,0,1
FR,0,17,14,0,0,1,1
FR,1,55,7,1,0,1,0
FR,1,25,8,0,1,0,0
FR,0,37,7,0,1,0,0
FR,0,63,7,1,0,1,0
FR,0,53,11,0,0,0,1
FR,0,82,7,0,1,0,0
FR,1,55,12,1,1,1,1
FR,1,25,19,0,0,0,1
FR,0,55,18,0,1,0,1
FR,0,37,12,1,1,1,0
FR,1,51,16,0,0,0,1
FR,1,73,8,1,1,0,1
FR,0,67,9,1,1,1,1
FR,0,26,18,0,1,0,1
FR,0,41,15,0,1,1,1
FR,1,67,20,0,0,0,1
FR,0,50,16,0,0,0,1
FR,0,30,14,0,0,1,1
FR,1,33,13,0,0,0,1
FR,0,70,20,0,1,0,0
FR,1,30,15,0,1,0,1
FR,0,36,17,0,0,0,1
FR,0,38,13,0,1,0,1
FR,1,40,16,0,0,0,1
FR,0,18,15,0,0,0,1
FR,0,49,12,0,0,0,1
FR,1,85,13,0,0,0,0
FR,0,62,19,0,0,0,1
FR,0,29,14,0,1,1,1
FR,0,62,9,1,1,1,1
FR,1,58,7,1,0,1,1
FR,0,37,16,0,1,1,1
FR,0,19,13,0,1,0,1
FR,0,46,13,0,0,0,1
FR,0,62,16,0,0,0,1
FR,1,22,14,0,0,0,1
FR,1,69,8,1,1,0,0
FR,0,41,12,0,1,0,1
FR,1,41,11,0,1,1,1
FR,1,58,11,0,1,0,1
FR,0,39,19,0,1,0,1
FR,1,34,8,1,1,1,1
FR,0,60,11,1,1,1,1
FR,1,22,10,0,0,1,1
FR,0,18,12,0,1,1,1
FR,1,83,NA,0,1,0,1
FR,0,32,17,0,1,1,1
FR,0,48,11,0,1,1,1
FR,1,22,15,0,1,0,1
FR,1,83,9,0,0,NA,1
FR,0,52,13,0,1,0,1
FR,0,36,19,0,1,0,1
FR,1,27,20,0,1,0,1
FR,1,56,10,0,1,0,1
FR,0,36,14,0,0,0,1
FR,0,52,14,0,0,1,1
FR,1,55,13,0,1,1,1
FR,0,44,13,0,0,0,0
FR,1,34,15,0,1,0,1
FR,0,41,11,0,0,0,1
FR,1,47,11,0,0,0,1
FR,1,59,11,0,1,0,0
FR,0,65,12,0,0,0,1
FR,0,52,14,0,0,0,1
FR,1,51,17,NA,NA,NA,1
FR,0,75,13,0,0,1,1
FR,1,54,13,0,0,0,1
FR,1,52,18,0,0,0,1
FR,1,24,13,0,1,0,1
FR,0,37,15,0,0,0,1
FR,0,16,9,0,1,0,1
FR,0,58,17,0,0,0,1
FR,1,64,13,0,0,0,1
FR,0,43,12,0,0,0,1
FR,0,52,18,1,1,1,1
FR,1,55,16,0,1,0,1
FR,0,17,12,0,1,0,1
FR,1,44,10,0,0,0,0
FR,0,34,13,1,1,1,0
FR,0,60,17,0,0,0,1
FR,0,35,13,0,1,1,1
FR,1,83,8,1,1,1,0
FR,1,73,13,0,1,0,1
FR,0,46,13,0,0,0,1
FR,1,46,21,0,1,0,1
FR,1,34,10,1,1,1,0
FR,1,47,12,0,1,0,1
FR,0,34,13,0,0,0,1
FR,0,47,9,1,1,0,1
FR,1,53,10,1,1,0,1
FR,1,30,19,0,0,0,1
FR,0,35,16,0,0,0,1
FR,0,24,16,0,0,1,1
FR,0,37,11,0,1,1,1
FR,1,28,15,0,0,0,1
FR,1,44,14,0,0,0,1
FR,0,81,16,0,0,0,1
FR,0,60,18,0,0,1,1
FR,0,78,7,0,0,0,0
FR,0,51,8,1,1,1,1
FR,1,29,13,0,1,1,1
FR,0,16,11,0,0,0,1
FR,0,62,18,0,0,0,1
FR,0,65,9,0,0,1,0
FR,1,68,8,0,1,1,1
FR,1,23,13,0,1,0,1
FR,1,75,10,0,1,0,1
FR,0,61,10,1,0,0,1
FR,1,68,12,0,0,0,1
FR,0,36,16,0,0,0,1
FR,1,65,9,0,0,1,1
FR,0,22,17,0,0,1,1
FR,1,58,15,0,0,1,1
FR,1,53,19,0,0,0,1
FR,1,65,16,0,0,0,1
FR,0,23,8,1,1,1,1
FR,0,24,16,0,1,1,1
FR,1,38,14,0,1,0,1
FR,0,31,25,0,0,0,1
FR,1,81,10,0,1,0,1
FR,1,45,16,0,0,1,1
FR,0,74,11,0,0,0,1
FR,0,52,11,0,1,0,1
FR,0,31,14,0,0,0,1
FR,1,51,11,0,0,0,1
FR,1,32,20,0,0,0,1
FR,1,37,16,0,1,0,1
FR,0,70,10,0,1,0,1
FR,1,16,10,0,0,1,1
FR,0,24,14,0,1,1,1
FR,0,69,NA,0,1,0,1
FR,0,62,9,1,0,0,1
FR,1,27,15,0,1,1,1
FR,0,42,18,0,0,1,1
FR,0,77,7,0,1,1,0
FR,1,78,8,0,NA,0,0
FR,1,42,12,0,0,0,1
FR,0,56,20,0,1,1,0
FR,0,44,12,0,1,0,1
FR,0,56,11,0,NA,0,0
FR,0,37,16,0,1,0,1
FR,0,35,12,1,1,1,0
FR,1,65,10,0,1,0,0
FR,0,81,11,1,1,0,0
FR,0,17,12,0,1,0,1
FR,0,39,16,0,0,1,1
FR,1,44,15,0,1,0,1
FR,0,45,12,0,0,0,1
FR,1,40,10,0,0,1,1
FR,1,62,9,0,1,0,1
FR,0,70,12,0,0,0,1
FR,0,43,12,0,1,0,1
FR,0,60,13,0,0,0,1
FR,0,79,9,0,1,0,1
FR,1,68,5,0,NA,1,0
FR,0,63,8,0,0,1,1
FR,1,63,7,0,0,0,1
FR,1,82,11,1,1,1,1
FR,0,64,17,0,1,1,1
FR,0,69,13,0,1,0,1
FR,1,64,16,0,0,0,1
FR,0,72,NA,0,0,0,1
FR,1,21,15,0,1,0,1
FR,0,32,9,0,1,1,0
FR,0,41,9,0,0,0,1
FR,1,31,15,1,1,1,1
FR,0,23,13,0,0,0,1
FR,1,36,16,0,NA,0,1
FR,0,72,19,0,0,0,1
FR,1,64,11,0,NA,1,1
FR,0,74,11,0,1,1,0
FR,0,37,10,0,1,0,1
FR,1,73,17,0,0,0,0
FR,1,63,8,0,0,0,1
FR,0,16,10,0,1,0,0
FR,0,28,14,0,0,0,1
FR,1,83,8,NA,NA,NA,0
FR,0,45,10,0,0,0,1
FR,1,43,17,0,0,0,1
FR,0,19,14,0,0,0,1
FR,0,74,9,0,1,0,0
FR,0,22,12,0,0,0,1
FR,0,20,13,0,1,0,1
FR,0,27,17,0,1,0,0
FR,1,21,13,1,0,1,1
FR,0,19,14,0,1,0,1
FR,1,25,14,0,1,1,1
FR,1,18,12,0,0,0,1
FR,1,64,16,0,0,0,1
FR,0,32,13,1,1,0,1
FR,0,57,18,0,1,1,0
FR,1,34,19,0,0,0,1
FR,0,68,9,0,1,1,1
FR,1,68,12,0,0,0,1
FR,1,40,13,0,1,1,1
FR,0,79,9,0,0,0,1
FR,1,26,8,1,1,1,1
FR,1,69,5,1,1,NA,1
FR,1,80,6,NA,NA,0,0
FR,0,40,11,0,0,0,0
FR,1,18,15,1,1,0,1
FR,0,74,8,0,0,0,1
FR,1,15,8,0,0,0,1
FR,1,31,12,0,1,0,1
FR,0,35,14,0,1,0,1
FR,1,38,15,0,1,0,1
FR,0,37,12,0,0,0,1
FR,1,38,9,1,1,0,1
FR,0,78,11,0,1,1,1
FR,0,62,18,0,0,1,1
FR,1,71,9,1,1,1,1
FR,0,55,12,0,1,0,0
FR,1,60,10,0,0,0,0
FR,0,29,12,0,1,0,1
FR,1,50,9,0,1,0,0
FR,0,88,7,1,1,1,0
FR,0,87,9,0,1,1,1
FR,0,54,12,0,0,1,0
FR,1,37,12,0,0,1,1
FR,1,34,14,0,0,1,1
FR,1,37,14,0,0,0,1
FR,1,45,18,1,1,1,1
FR,0,66,7,0,1,1,0
FR,1,53,13,0,0,0,1
FR,1,67,14,0,0,0,0
FR,0,68,12,0,1,0,0
FR,1,47,14,0,0,0,1
FR,1,16,11,0,1,0,1
FR,1,55,12,0,1,0,1
FR,1,46,13,0,0,0,1
FR,1,40,20,0,1,0,1
FR,1,40,18,0,0,0,1
FR,1,34,15,0,0,0,1
FR,1,36,15,0,1,0,1
FR,1,59,6,0,0,0,1
FR,0,71,11,1,1,1,1
FR,1,48,9,0,1,0,0
FR,0,83,18,0,1,1,0
FR,1,39,15,0,1,0,1
FR,1,21,13,0,1,1,1
FR,0,21,11,0,0,0,1
FR,1,21,16,0,1,0,1
FR,0,63,8,NA,0,0,1
FR,1,28,12,0,1,1,1
FR,1,71,16,0,1,0,1
FR,0,43,16,0,1,0,1
FR,0,19,13,0,0,0,1
FR,1,71,8,NA,1,0,0
FR,1,81,15,0,1,0,1
FR,1,64,8,0,0,0,1
FR,1,34,18,0,0,0,1
FR,1,40,16,0,0,0,1
FR,1,50,13,0,1,0,1
FR,1,16,10,0,1,1,1
FR,1,21,12,0,0,1,1
FR,1,20,14,0,1,0,1
FR,1,85,8,0,0,1,0
FR,1,49,9,0,1,0,0
FR,0,72,8,0,0,0,1
FR,1,62,13,0,1,NA,0
FR,0,43,16,0,0,0,1
FR,1,71,8,0,1,1,1
FR,1,24,13,0,1,0,1
FR,0,36,15,0,1,0,1
FR,0,18,12,0,0,0,1
FR,0,44,10,0,1,0,1
FR,0,65,12,0,0,0,1
FR,1,21,15,0,0,0,0
FR,0,20,11,0,1,1,1
FR,1,93,6,0,1,1,1
FR,1,38,13,0,1,0,1
FR,0,44,18,0,0,0,1
FR,1,99,9,0,1,1,1
FR,0,58,11,0,1,0,1
FR,1,66,8,0,1,1,1
FR,0,68,20,0,0,0,1
FR,0,22,16,0,0,1,1
FR,1,41,16,0,0,0,1
FR,0,61,11,0,0,0,0
FR,0,66,8,0,1,0,1
FR,1,46,16,0,1,0,1
FR,1,71,8,0,0,1,0
FR,0,40,11,0,0,0,1
FR,1,17,8,0,0,0,1
FR,0,33,11,0,1,1,1
FR,1,55,10,1,1,0,1
FR,1,42,13,0,1,0,1
FR,1,43,13,0,1,1,1
FR,0,29,17,0,0,NA,1
FR,0,82,9,0,1,0,1
FR,1,66,15,0,1,0,1
FR,1,32,15,0,0,0,1
FR,1,56,17,0,0,0,1
FR,0,50,10,0,1,1,1
FR,1,45,13,0,0,0,1
FR,1,37,9,0,0,0,1
FR,0,20,14,0,1,0,1
FR,0,67,24,0,1,0,1
FR,0,46,11,0,NA,0,1
FR,0,67,10,0,1,0,1
FR,1,41,18,0,1,1,1
FR,0,80,13,0,1,0,0
FR,0,46,11,0,NA,1,1
FR,1,77,12,1,1,1,0
FR,0,50,14,0,1,0,1
FR,0,84,8,0,0,0,0
FR,0,76,10,0,0,1,1
FR,1,70,10,1,0,0,0
FR,0,57,14,0,0,0,1
FR,0,52,21,0,0,0,1
FR,0,59,18,0,1,0,1
FR,0,49,8,0,0,0,1
FR,0,60,14,0,1,1,1
FR,0,57,19,0,0,0,1
FR,1,53,10,0,0,0,0
FR,0,52,10,0,1,0,1
FR,0,43,14,0,0,1,1
FR,0,40,16,0,1,0,1
FR,1,57,13,0,1,0,0
FR,1,60,10,0,0,0,0
FR,0,49,12,0,1,1,1
FR,0,38,12,0,1,0,1
FR,0,64,8,0,0,0,0
FR,0,58,15,0,0,0,1
FR,0,16,11,0,1,0,0
FR,0,50,12,0,0,0,0
FR,1,53,11,0,0,1,1
FR,1,38,13,0,0,0,1
FR,0,16,11,NA,NA,1,0
FR,1,15,10,0,0,0,1
FR,1,56,7,0,1,0,1
FR,0,51,12,0,1,0,1
FR,0,34,12,0,0,0,0
FR,1,37,15,0,0,0,0
FR,1,24,13,0,1,1,0
FR,1,38,17,0,1,1,1
FR,0,60,11,0,0,0,1
FR,1,61,9,0,1,0,1
FR,1,27,20,0,1,0,1
FR,0,81,8,0,1,0,0
FR,0,59,11,0,0,1,0
FR,1,33,12,0,0,0,1
FR,0,42,18,0,0,0,1
FR,0,29,18,0,0,0,1
FR,1,43,14,0,0,0,0
FR,1,49,12,0,0,0,0
FR,0,47,8,0,1,0,0
FR,0,45,16,0,1,0,1
FR,1,85,3,NA,1,0,0
FR,0,61,4,1,1,0,1
FR,1,34,11,0,0,0,1
FR,1,81,NA,NA,NA,0,0
FR,0,43,11,0,0,0,1
FR,0,45,11,0,0,0,1
FR,0,34,5,0,0,0,1
FR,1,58,5,0,0,1,1
FR,0,77,8,0,1,1,1
FR,1,71,14,0,0,0,1
FR,1,77,8,NA,0,NA,1
FR,1,50,11,0,0,0,1
FR,0,25,18,0,1,0,1
FR,1,89,14,0,0,1,0
FR,1,49,21,0,0,1,1
FR,1,57,15,0,0,0,1
FR,1,22,7,1,1,0,1
FR,0,34,10,0,1,1,1
FR,0,44,18,0,0,0,1
FR,1,36,12,0,1,0,1
FR,0,40,12,0,0,0,1
FR,0,68,8,0,0,0,1
FR,1,68,8,0,1,0,1
FR,1,50,11,0,0,0,1
FR,0,33,14,0,0,0,1
FR,1,15,9,0,0,0,1
FR,1,39,15,0,0,0,1
FR,1,64,8,0,0,1,1
FR,1,60,8,0,0,0,1
FR,1,22,12,0,0,0,1
FR,1,59,8,0,0,0,1
FR,1,54,10,0,0,0,1
FR,1,35,13,0,1,1,0
FR,1,16,10,0,0,0,0
FR,0,67,13,0,1,0,1
FR,1,57,14,0,0,0,1
FR,1,35,13,0,1,0,1
FR,1,39,14,0,0,0,1
FR,1,83,8,0,0,0,1
FR,1,40,10,0,0,1,1
FR,1,35,12,1,1,0,1
FR,0,68,17,0,1,0,0
FR,1,92,7,NA,1,1,0
FR,1,34,15,0,1,0,1
FR,1,29,14,0,0,0,1
FR,0,48,12,0,0,0,1
FR,1,37,14,1,1,0,1
FR,0,23,14,0,0,0,1
FR,1,46,10,0,0,1,0
FR,0,50,11,0,0,0,1
FR,1,69,7,0,0,0,1
FR,1,66,7,0,0,0,1
FR,0,43,11,0,0,1,1
FR,0,22,17,0,0,0,1
FR,0,80,5,1,1,1,1
FR,1,70,14,0,1,0,1
FR,0,21,15,0,1,0,1
FR,0,66,11,0,0,1,0
FR,0,45,17,0,0,0,1
FR,0,73,4,1,1,0,1
FR,0,84,5,1,1,0,0
FR,0,81,7,0,0,0,0
FR,0,40,14,0,1,0,1
FR,1,66,7,0,NA,0,1
FR,1,67,13,0,0,0,1
FR,0,19,13,0,1,0,1
FR,1,40,15,0,0,0,1
FR,1,30,11,0,1,0,1
FR,1,41,9,NA,NA,0,1
FR,1,24,18,0,0,0,1
FR,1,64,15,0,1,0,1
FR,0,40,13,0,0,0,1
FR,1,59,8,1,1,0,1
FR,0,17,11,0,1,0,1
FR,1,35,20,0,0,1,1
FR,0,77,10,0,1,1,1
FR,1,31,13,0,1,1,1
FR,0,48,20,0,0,0,1
FR,0,58,10,0,0,0,1
FR,1,44,17,0,0,0,1
FR,1,65,10,0,1,0,1
FR,0,53,8,0,1,0,1
FR,0,35,10,0,1,0,1
FR,1,25,21,0,0,0,1
FR,0,23,14,0,0,0,1
FR,1,44,10,1,1,0,1
FR,1,31,12,0,1,0,1
FR,1,42,18,0,0,NA,1
FR,0,49,16,0,0,0,1
FR,1,22,17,0,1,0,1
FR,0,55,11,0,0,0,1
FR,1,83,11,0,1,0,1
FR,1,77,8,0,1,0,1
FR,0,67,18,0,0,0,1
FR,1,38,13,1,1,1,1
FR,1,62,9,0,0,0,1
FR,0,45,10,0,0,0,1
FR,0,40,18,0,1,1,1
FR,1,41,19,0,0,0,0
FR,1,61,12,0,0,0,1
FR,0,66,17,0,1,0,1
FR,1,33,15,0,0,0,1
FR,1,33,17,0,1,0,1
FR,1,40,13,0,0,1,1
FR,1,43,17,0,0,0,1
FR,0,77,9,0,1,0,1
FR,1,57,11,0,1,1,1
FR,0,16,11,0,0,0,1
FR,1,28,19,0,0,0,0
FR,1,31,19,0,1,0,1
FR,0,29,11,0,0,0,1
FR,0,68,8,0,1,0,1
FR,1,41,16,0,0,0,1
FR,1,64,8,0,1,0,1
FR,1,23,13,0,0,0,1
FR,1,34,11,0,0,0,0
FR,1,29,12,0,0,0,1
FR,0,36,12,0,1,1,1
FR,1,49,6,0,1,0,1
FR,1,31,18,0,1,0,1
FR,1,57,11,0,1,0,1
FR,0,46,16,0,0,1,1
FR,1,54,17,0,0,0,1
FR,1,28,22,0,0,0,1
FR,1,50,19,0,0,1,1
FR,0,28,18,0,1,0,1
FR,1,22,15,0,0,0,1
FR,1,74,12,1,1,0,1
FR,1,55,20,0,1,0,1
FR,0,62,24,0,0,NA,NA
FR,0,21,11,0,1,0,1
FR,1,21,15,0,1,0,1
FR,1,28,13,0,0,0,1
FR,1,75,9,0,0,1,1
FR,0,51,15,0,0,0,1
FR,0,48,13,0,1,0,1
FR,0,34,19,0,0,0,1
FR,1,37,18,0,0,1,1
FR,1,20,17,0,1,0,1
FR,1,23,16,1,1,0,1
FR,0,46,9,0,0,0,1
FR,1,25,11,0,1,0,1
FR,1,62,17,0,0,1,1
FR,0,36,14,1,0,0,1
FR,0,60,15,0,1,0,0
FR,0,25,13,0,0,0,1
FR,1,36,15,0,1,NA,1
FR,1,88,9,0,0,0,1
FR,0,66,10,1,1,0,1
FR,1,78,8,0,0,0,1
FR,0,21,15,0,1,1,1
FR,0,35,17,0,0,0,1
FR,0,56,18,0,0,0,1
FR,1,67,16,0,1,0,1
FR,1,25,11,0,1,0,1
FR,0,33,13,0,1,0,1
FR,1,42,18,0,1,1,1
FR,1,30,13,0,1,0,1
FR,0,19,13,0,1,0,1
FR,0,36,14,0,1,0,1
FR,0,68,11,0,0,0,1
FR,1,51,19,0,0,0,1
FR,0,45,11,0,1,1,1
FR,1,24,8,0,0,0,1
FR,1,29,12,1,1,1,1
FR,0,15,10,0,0,0,1
FR,0,75,13,0,1,0,1
FR,1,33,16,0,0,0,1
FR,0,31,13,1,1,0,1
FR,0,34,11,0,0,0,1
FR,1,52,11,0,0,0,1
FR,1,36,14,0,0,0,1
FR,0,58,17,0,0,0,1
FR,0,50,15,0,1,1,1
FR,0,44,12,0,0,0,1
FR,0,58,9,0,1,0,1
FR,1,29,14,0,0,0,1
FR,0,53,9,1,1,1,1
FR,0,65,8,0,1,0,0
FR,0,34,16,0,1,0,1
FR,1,18,11,1,0,0,1
FR,0,82,5,1,0,0,1
FR,1,68,15,0,0,0,1
FR,0,32,15,0,1,1,1
FR,0,79,16,0,1,1,1
FR,0,49,11,0,0,0,1
FR,0,21,12,NA,1,0,1
FR,1,37,20,0,0,0,1
FR,1,78,8,1,0,0,1
FR,0,79,13,0,0,1,0
FR,0,52,10,0,0,0,0
FR,1,44,11,0,0,0,1
FR,0,41,15,0,NA,NA,1
FR,0,51,12,0,0,1,1
FR,0,56,11,0,0,0,0
FR,1,30,14,0,0,1,1
FR,1,70,NA,1,1,0,1
FR,1,47,14,0,0,0,1
FR,1,41,11,0,0,0,1
FR,1,22,13,0,0,0,1
FR,0,49,15,0,1,1,1
FR,1,41,11,1,1,0,0
FR,0,31,11,0,1,0,0
FR,1,30,14,0,1,0,1
FR,0,16,11,0,0,0,1
FR,1,16,10,0,1,0,1
FR,0,58,12,0,0,0,0
FR,1,56,11,0,1,0,0
FR,0,42,19,0,1,1,1
FR,1,52,11,0,1,0,0
FR,1,68,8,1,1,1,0
FR,0,50,10,0,0,0,0
FR,1,23,14,0,1,0,1
FR,0,18,15,0,0,0,1
FR,1,43,14,0,0,0,0
FR,1,34,11,0,0,1,0
FR,0,15,10,0,0,0,1
FR,0,54,13,0,0,0,1
FR,0,29,13,0,0,0,1
FR,1,47,15,0,1,0,1
FR,0,56,10,0,0,1,1
FR,0,50,19,0,0,0,1
FR,0,63,10,0,0,0,1
FR,0,47,12,0,1,0,1
FR,0,87,9,0,0,0,0
FR,1,72,19,0,0,1,0
FR,1,66,10,0,1,0,1
FR,1,47,16,0,0,1,1
FR,1,35,17,0,1,0,1
FR,1,73,8,0,1,0,1
FR,1,29,14,0,0,0,1
FR,1,68,12,0,1,0,0
FR,0,39,15,0,0,0,1
FR,1,54,16,0,1,0,1
FR,1,25,15,0,1,0,1
FR,1,84,9,0,NA,0,0
FR,0,65,15,0,0,0,1
FR,0,55,24,0,1,0,1
FR,1,68,12,0,1,1,0
FR,1,37,15,0,1,0,1
FR,1,21,13,0,0,0,1
FR,1,69,7,0,1,0,1
FR,0,54,10,0,1,0,1
FR,1,51,7,0,1,1,0
FR,0,39,20,0,1,1,1
FR,1,64,NA,NA,NA,0,1
FR,1,64,8,0,0,0,1
FR,1,32,14,0,0,0,1
FR,0,49,9,0,1,0,1
FR,1,63,14,0,0,0,1
FR,1,66,8,0,1,1,1
FR,1,37,20,0,0,0,1
FR,0,16,10,0,0,0,1
FR,0,62,13,0,1,0,1
FR,1,54,18,0,0,0,1
FR,1,51,19,0,1,0,1
FR,0,67,8,0,0,0,1
FR,1,37,15,0,0,0,1
FR,1,64,16,0,0,0,1
FR,0,27,19,0,0,1,1
FR,1,32,12,0,0,0,1
FR,1,17,11,0,1,0,1
FR,0,46,12,0,0,0,1
FR,0,36,15,0,1,0,1
FR,0,47,12,0,0,0,1
FR,1,81,13,0,1,0,1
FR,0,56,11,0,0,0,1
FR,1,53,10,0,1,0,1
FR,0,33,12,0,0,0,1
FR,1,66,8,1,1,0,1
FR,0,54,11,0,0,0,1
FR,0,30,8,0,1,0,1
FR,1,54,10,0,1,1,1
FR,0,87,7,0,0,0,1
FR,0,57,6,0,1,0,1
FR,0,19,10,0,0,0,1
FR,0,48,13,0,0,0,1
FR,1,62,9,0,1,0,1
FR,0,26,13,0,0,0,1
FR,1,68,6,0,0,0,1
FR,0,65,15,0,1,0,1
FR,0,46,11,0,0,0,1
FR,0,60,16,0,0,1,1
FR,1,64,9,NA,0,1,1
FR,1,25,20,0,0,0,1
FR,1,33,10,0,1,0,1
FR,1,48,7,0,0,0,1
FR,1,68,8,0,0,0,1
FR,1,81,7,0,0,0,1
FR,1,55,16,0,1,0,1
FR,0,24,19,0,1,1,0
FR,1,29,13,1,1,0,0
FR,0,83,7,0,1,0,0
FR,1,20,15,0,0,0,1
FR,1,32,12,0,1,1,1
FR,1,41,14,0,0,0,0
FR,0,56,15,0,0,0,1
FR,1,77,7,0,0,1,0
FR,0,66,8,0,1,1,0
FR,1,60,11,0,1,1,0
FR,1,64,8,1,1,0,0
FR,0,35,16,0,1,0,1
FR,0,30,9,0,0,0,1
FR,1,40,15,0,0,0,1
FR,1,48,14,0,1,1,1
FR,1,53,14,0,1,0,1
FR,1,38,17,0,1,0,0
FR,1,42,20,0,0,0,1
FR,1,16,10,0,0,1,1
FR,0,52,13,1,1,0,1
FR,1,64,10,0,0,0,0
FR,1,52,13,0,0,0,1
FR,0,81,7,1,1,0,0
FR,1,81,11,0,1,1,0
FR,0,44,14,0,1,0,0
FR,0,16,11,0,0,0,1
FR,0,57,18,0,0,0,1
FR,1,29,24,0,0,0,1
FR,1,48,16,0,0,0,1
FR,0,56,8,0,0,0,0
FR,0,59,16,0,0,0,1
FR,0,53,8,0,1,0,1
FR,0,51,9,1,0,0,0
FR,0,47,14,0,0,0,1
FR,0,47,13,0,0,0,1
FR,1,66,17,0,0,0,1
FR,1,18,12,1,1,1,1
FR,1,34,16,1,1,1,1
FR,1,40,12,NA,1,0,0
FR,1,24,16,0,0,0,1
FR,0,51,12,0,1,0,0
FR,1,65,10,0,0,0,0
FR,0,49,15,0,1,0,0
FR,0,59,11,0,0,0,1
FR,1,35,11,1,1,1,1
FR,0,44,11,0,1,0,1
FR,1,70,12,0,0,1,0
FR,0,57,21,0,0,1,1
FR,1,69,12,0,1,0,1
FR,1,66,11,0,0,0,1
FR,1,61,13,0,1,0,1
FR,0,56,13,0,0,0,1
FR,0,55,17,0,1,0,1
FR,1,46,18,0,0,0,1
FR,1,19,13,0,0,0,1
FR,0,62,7,0,0,0,0
FR,0,46,7,0,0,0,1
FR,0,39,20,0,0,0,1
FR,1,64,9,0,0,0,0
FR,0,78,7,1,0,1,0
FR,0,69,9,0,1,1,1
FR,1,33,14,0,0,0,1
FR,0,58,14,1,1,1,0
FR,0,40,18,0,1,0,1
FR,0,69,11,0,1,0,1
FR,0,54,17,0,1,0,1
FR,0,17,12,0,0,0,1
FR,1,55,13,0,0,0,1
FR,0,37,19,0,0,1,1
FR,1,46,13,0,1,0,1
FR,1,80,0,0,1,0,0
FR,1,61,14,0,1,0,1
FR,1,31,16,0,0,0,1
FR,0,70,18,0,0,0,1
FR,1,70,10,0,0,0,1
FR,0,18,12,0,1,0,0
FR,0,52,12,1,0,1,0
FR,1,42,18,0,1,0,1
FR,0,71,6,0,0,1,0
FR,1,77,9,0,1,1,0
FR,1,83,5,0,1,0,1
FR,0,41,15,0,1,0,1
FR,0,29,19,0,0,0,1
FR,1,19,18,0,0,0,1
FR,1,82,8,0,1,1,1
FR,1,22,16,0,0,0,1
FR,0,63,9,0,1,0,0
FR,0,73,10,0,1,1,1
FR,0,28,12,0,1,0,1
FR,1,23,16,0,1,0,1
FR,0,85,10,0,1,1,1
FR,1,67,10,0,0,1,1
FR,1,56,13,0,1,0,1
FR,1,61,11,0,1,0,1
FR,0,47,21,0,0,0,1
FR,1,56,8,0,0,0,0
FR,0,40,19,0,1,0,1
FR,0,55,16,0,0,0,1
FR,1,53,17,0,0,0,1
FR,1,45,14,0,0,0,0
FR,1,90,16,0,1,1,1
FR,1,75,14,0,1,0,1
FR,0,74,8,0,1,0,1
FR,1,68,8,0,1,1,0
FR,0,52,10,0,0,0,1
FR,1,42,14,0,1,0,1
FR,0,52,12,0,0,1,0
FR,0,46,12,0,1,0,1
FR,0,43,10,0,1,1,0
FR,0,51,19,0,0,0,1
FR,0,17,10,1,1,1,0
FR,0,32,14,0,1,0,1
FR,1,51,11,1,1,0,1
FR,1,58,9,0,0,0,0
FR,1,24,18,0,0,0,1
FR,1,67,16,0,0,0,1
FR,1,41,14,0,1,0,1
FR,0,28,17,0,0,0,1
FR,1,82,5,0,0,0,0
FR,0,65,11,0,1,1,1
FR,1,20,12,0,0,0,0
FR,1,16,10,0,1,0,1
FR,1,35,12,0,1,1,1
FR,1,29,17,0,0,1,1
FR,0,70,12,1,1,1,0
FR,1,52,11,0,0,1,1
FR,1,41,8,0,0,1,1
FR,0,43,16,0,0,0,1
FR,1,46,11,0,1,0,1
FR,1,65,8,NA,NA,0,0
FR,1,33,15,0,1,1,NA
FR,0,58,10,0,1,0,1
FR,1,58,12,0,1,0,1
FR,0,58,15,0,0,0,1
FR,0,47,11,0,1,0,1
FR,1,44,17,0,1,0,1
FR,1,61,5,0,0,0,1
FR,0,27,13,0,0,0,1
FR,1,42,11,0,0,0,0
FR,1,57,14,0,0,0,1
FR,1,72,13,1,1,1,1
FR,1,81,13,0,NA,1,0
FR,0,34,15,1,NA,0,0
FR,1,54,11,0,1,0,0
FR,1,46,18,1,1,1,0
FR,1,28,12,0,0,0,0
FR,1,21,15,0,0,0,1
FR,0,65,12,1,1,0,1
FR,0,57,13,0,0,1,1
FR,1,29,13,0,0,0,1
FR,1,38,18,0,0,0,1
FR,0,68,11,0,0,0,1
FR,0,33,14,0,0,1,1
FR,0,46,16,0,0,0,1
FR,1,40,15,0,0,0,1
FR,1,52,10,1,1,0,1
FR,0,61,13,0,1,0,1
FR,1,43,15,0,1,0,1
FR,1,25,10,0,0,0,1
FR,1,49,12,0,1,1,1
FR,1,59,6,NA,1,0,1
FR,1,35,13,0,0,0,1
FR,1,61,8,0,0,0,1
FR,1,83,0,NA,0,1,1
FR,1,51,10,0,0,0,0
FR,1,15,4,NA,0,NA,1
FR,1,16,10,0,0,NA,1
FR,0,74,5,0,0,0,0
FR,0,40,6,1,1,0,1
FR,1,48,7,0,1,0,1
FR,1,52,23,0,1,1,0
FR,1,52,10,0,1,1,0
FR,0,31,17,0,0,0,1
FR,1,41,14,0,0,0,1
FR,0,41,14,0,0,0,1
FR,0,64,10,0,0,1,0
FR,1,80,17,0,1,1,0
FR,1,80,18,0,0,0,0
FR,1,77,11,0,1,0,0
FR,1,34,16,0,1,0,0
FR,1,58,13,0,0,0,1
FR,1,37,15,0,0,0,0
FR,1,80,8,0,1,1,0
FR,0,51,10,0,0,0,1
FR,1,58,13,0,1,0,1
FR,0,74,7,0,0,0,1
FR,1,60,13,0,1,0,0
FR,0,77,10,0,1,0,1
FR,1,61,8,1,1,1,0
FR,0,38,18,0,0,0,1
FR,0,76,8,1,0,1,0
FR,1,41,12,0,1,1,1
FR,1,35,15,0,1,1,0
FR,0,61,9,0,1,0,1
FR,0,53,12,0,1,0,1
FR,0,63,11,0,0,0,0
FR,1,36,11,0,1,1,1
FR,1,68,10,0,0,1,0
FR,0,45,10,0,0,0,1
FR,1,47,17,0,1,0,1
FR,1,58,12,0,1,1,1
FR,1,49,9,0,1,0,1
FR,0,24,15,0,0,0,1
FR,0,65,17,0,1,0,1
FR,0,38,11,1,1,0,0
FR,1,64,12,0,1,0,1
FR,0,47,14,1,1,0,1
FR,0,84,10,NA,1,0,0
FR,1,40,16,0,1,0,1
FR,1,54,14,0,1,1,0
FR,0,60,15,0,1,0,0
FR,0,37,14,0,1,0,1
FR,1,76,11,0,0,0,0
FR,0,74,11,0,1,0,1
FR,0,60,9,0,1,NA,1
FR,1,48,15,NA,1,1,0
FR,1,59,11,0,1,0,1
FR,1,66,5,0,1,0,1
FR,1,43,13,0,1,0,1
FR,1,61,22,0,0,1,1
FR,1,37,16,0,1,1,1
FR,1,51,12,0,1,1,0
FR,0,34,14,0,0,0,1
FR,1,59,10,1,1,1,1
FR,0,46,11,0,1,0,1
FR,1,15,8,0,0,0,1
FR,0,59,17,0,0,1,1
FR,1,62,15,0,0,0,1
FR,0,56,8,0,0,0,1
FR,0,21,15,0,1,0,1
FR,1,23,18,0,0,0,1
FR,0,72,30,0,0,1,1
FR,1,34,21,0,1,0,1
FR,1,29,15,0,1,0,1
FR,1,77,9,0,1,0,1
FR,0,44,16,0,1,0,1
FR,1,44,14,0,0,0,1
FR,0,36,18,0,NA,1,1
FR,1,66,12,0,0,0,1
FR,0,47,8,0,1,0,1
FR,0,19,13,0,1,0,1
FR,1,66,10,0,1,0,1
FR,0,62,17,0,0,1,1
FR,1,28,18,0,0,0,1
FR,1,61,19,0,0,0,1
FR,0,30,15,0,1,0,1
FR,0,25,17,0,0,0,1
FR,0,58,15,0,0,0,1
FR,0,62,13,0,0,0,0
FR,1,58,19,0,0,0,1
FR,0,26,20,0,0,0,1
FR,1,60,11,0,0,0,1
FR,1,25,15,0,1,0,1
FR,0,32,18,0,0,0,1
FR,0,35,21,0,1,1,0
FR,0,22,15,0,0,0,1
FR,0,39,17,0,1,1,1
FR,0,39,10,0,0,0,1
FR,1,26,13,0,0,0,1
FR,0,46,18,1,1,1,1
FR,0,45,30,0,1,0,0
FR,0,34,13,0,0,1,1
FR,1,39,22,0,0,0,1
FR,1,41,15,0,1,0,1
FR,0,54,13,1,1,0,1
FR,0,53,20,0,0,0,1
FR,1,48,12,0,0,0,1
FR,0,23,16,0,0,0,1
FR,0,66,14,0,0,1,1
FR,1,48,13,0,1,0,1
FR,0,60,21,0,1,1,1
FR,0,68,9,0,0,0,1
FR,0,39,9,0,1,1,1
FR,0,62,17,0,0,0,1
FR,1,27,17,0,1,1,1
FR,1,88,12,1,1,0,1
FR,1,67,12,0,1,0,1
FR,0,61,20,0,1,0,1
FR,1,62,14,0,1,1,0
FR,1,17,10,0,1,0,1
FR,1,30,18,0,1,1,1
FR,0,63,10,0,0,1,1
FR,0,50,16,0,1,0,1
FR,1,32,14,0,1,0,1
FR,0,60,12,0,0,0,1
FR,0,42,21,0,1,1,1
FR,0,51,9,0,1,0,1
FR,0,38,11,0,0,0,1
FR,1,73,13,0,1,0,1
FR,0,50,11,0,1,1,1
FR,1,59,12,0,0,0,1
FR,1,33,15,0,1,1,1
FR,1,39,14,0,1,0,1
FR,0,42,18,0,1,1,1
FR,1,27,17,0,0,1,1
FR,1,46,20,0,0,0,1
FR,1,43,17,0,0,0,1
FR,1,62,10,0,1,0,0
FR,0,68,2,0,0,0,1
FR,1,36,6,0,1,1,1
FR,0,65,10,0,0,1,1
FR,0,66,12,NA,1,1,0
FR,0,16,7,0,0,0,1
FR,0,52,7,0,0,0,1
FR,1,84,0,0,1,NA,0
FR,1,60,9,0,1,NA,1
FR,1,82,8,NA,1,NA,NA
FR,0,80,8,0,0,0,1
FR,1,62,11,0,0,1,0
FR,1,77,13,0,1,0,0
FR,1,33,14,0,0,1,0
FR,1,71,8,0,1,1,1
FR,0,52,9,0,0,NA,1
FR,0,80,9,0,1,0,1
FR,1,34,13,0,1,1,0
FR,1,53,11,0,0,1,0
FR,0,NA,8,0,0,0,0
FR,0,34,14,NA,1,1,0
FR,0,72,13,0,0,0,1
FR,0,17,11,0,1,0,1
FR,1,37,12,0,1,1,1
FR,1,72,8,0,1,1,1
FR,0,58,13,0,1,0,0
FR,0,39,9,0,1,0,1
FR,0,33,14,0,0,0,1
FR,1,46,7,0,1,0,1
FR,1,84,1,1,1,0,0
FR,1,75,0,NA,1,0,0
FR,0,70,0,0,0,0,0
FR,0,66,0,0,1,1,0
FR,1,59,11,0,1,0,1
FR,0,36,11,0,0,0,1
FR,0,49,12,0,1,0,0
FR,1,16,11,0,0,0,1
FR,0,36,14,0,1,0,1
FR,1,60,6,0,0,0,1
FR,0,83,8,0,1,1,1
FR,1,75,19,0,1,0,1
FR,0,59,15,NA,1,NA,1
FR,0,59,17,0,0,0,1
FR,0,29,14,0,0,NA,1
FR,0,51,12,0,NA,0,1
FR,1,63,6,0,0,0,1
FR,0,54,12,0,1,0,1
FR,0,20,16,0,0,NA,1
FR,1,67,2,0,0,0,0
FR,0,21,15,0,1,0,1
FR,0,54,16,0,0,0,1
FR,1,69,9,NA,1,1,1
FR,0,38,14,0,1,0,1
FR,0,52,13,1,1,1,1
FR,1,53,4,1,1,1,1
FR,0,61,13,1,1,0,1
FR,0,61,13,0,1,1,1
FR,0,30,16,0,1,1,1
FR,0,57,11,0,0,1,1
FR,1,33,17,0,1,0,1
FR,0,60,14,0,0,0,1
FR,1,66,15,0,0,0,1
FR,1,25,19,0,1,0,1
FR,0,57,16,0,0,0,1
FR,0,55,12,0,0,0,1
FR,0,55,17,0,0,0,1
FR,1,47,20,0,0,0,0
FR,1,70,12,0,1,0,0
FR,0,72,17,0,1,1,1
FR,0,37,0,0,0,0,1
FR,0,66,20,0,0,0,1
FR,1,24,18,0,0,0,1
FR,1,54,19,0,0,0,1
FR,0,60,10,1,1,1,1
FR,0,44,15,0,0,0,1
FR,1,90,18,0,1,1,1
FR,0,74,16,1,1,1,1
FR,0,33,11,0,0,0,0
FR,0,49,16,0,1,0,1
FR,0,49,11,0,1,NA,1
FR,0,34,19,0,0,0,1
FR,1,39,9,1,1,NA,1
FR,0,45,12,0,0,0,1
FR,1,42,17,0,0,0,1
FR,1,82,10,1,1,0,0
FR,1,44,15,0,0,0,1
FR,1,77,14,0,0,0,0
FR,0,51,12,0,1,0,0
FR,0,30,10,0,0,0,1
FR,1,32,10,0,1,0,0
FR,1,15,10,0,1,1,1
FR,0,41,13,0,0,0,1
FR,1,62,9,0,1,0,0
FR,0,54,9,0,0,1,0
FR,0,47,15,0,0,0,1
FR,1,85,6,1,1,1,0
FR,1,49,16,0,0,1,1
FR,1,62,8,1,NA,0,1
FR,1,67,11,0,0,0,1
FR,0,31,14,0,1,0,1
FR,0,71,9,0,1,1,1
FR,0,80,7,1,1,1,0
FR,1,77,12,1,1,1,0
FR,1,29,12,0,0,0,0
FR,1,37,12,0,1,0,1
FR,1,57,13,0,0,1,1
FR,0,64,10,0,1,1,1
FR,0,26,10,0,1,1,1
FR,0,50,7,0,0,NA,1
FR,1,80,8,1,1,1,0
FR,1,23,15,0,1,0,1
FR,1,49,9,0,0,0,1
FR,1,75,13,0,NA,NA,0
FR,0,44,11,0,0,0,1
FR,1,62,12,0,1,0,1
FR,0,40,8,0,0,0,1
FR,0,36,6,1,1,1,1
FR,1,53,16,0,0,0,1
FR,1,NA,8,0,0,0,0
FR,1,26,15,0,0,0,1
FR,0,21,10,0,1,0,1
FR,1,60,7,0,0,0,1
FR,0,87,9,0,0,0,0
FR,0,43,10,0,0,0,1
FR,0,62,10,0,0,0,0
FR,1,49,13,0,0,0,1
FR,0,71,5,NA,NA,0,1
FR,0,34,7,0,0,0,1
FR,0,53,7,0,0,0,1
FR,1,64,0,1,1,0,1
FR,1,90,8,NA,1,NA,0
FR,1,62,NA,NA,NA,NA,NA
FR,0,53,11,0,1,1,0
FR,0,25,10,0,0,0,1
FR,1,15,10,1,1,0,0
FR,1,41,12,0,1,1,0
FR,0,74,13,0,1,0,1
FR,1,49,10,0,1,0,1
FR,1,77,13,1,0,1,1
FR,0,71,8,0,1,0,1
FR,1,68,17,0,1,1,1
FR,0,15,9,0,0,0,1
FR,1,47,13,0,1,0,1
FR,0,62,14,0,0,1,1
FR,1,58,8,0,1,1,1
FR,0,68,9,0,1,1,0
FR,1,50,12,0,1,1,1
FR,0,54,13,1,1,1,0
FR,0,61,17,0,0,0,1
FR,1,49,11,0,1,0,0
FR,1,72,8,1,1,1,1
FR,0,30,14,0,0,0,1
FR,0,35,13,1,1,1,1
FR,1,45,16,0,1,0,1
FR,1,76,8,1,1,0,1
FR,0,78,11,0,1,0,1
FR,0,63,15,0,1,0,1
FR,1,72,8,0,0,0,0
FR,0,17,11,0,1,0,1
FR,1,25,17,0,0,0,1
FR,1,46,12,0,1,0,0
FR,1,34,19,0,0,0,1
FR,1,47,9,1,0,0,1
FR,0,66,13,0,0,0,1
FR,1,34,16,0,0,0,1
FR,0,74,11,0,1,1,0
FR,0,26,15,0,0,0,1
FR,1,55,13,0,0,0,0
FR,0,82,18,0,0,0,1
FR,1,39,19,0,0,0,1
FR,0,72,17,0,1,0,1
FR,0,66,9,0,1,1,0
FR,1,83,15,0,0,0,0
FR,0,77,9,0,1,0,1
FR,1,87,11,0,1,0,0
FR,1,71,12,1,1,1,1
FR,0,53,25,0,0,1,1
FR,1,57,10,0,1,0,1
FR,0,79,15,0,0,0,1
FR,1,37,16,0,1,0,1
FR,0,41,14,0,1,0,1
FR,0,51,15,0,1,1,1
FR,0,41,13,0,1,0,1
FR,1,47,13,0,1,1,1
FR,0,38,12,0,1,0,1
FR,0,71,18,0,0,1,0
FR,1,78,9,0,0,0,NA
FR,1,55,10,0,0,1,1
FR,1,63,10,0,1,0,0
FR,1,52,15,0,0,0,1
FR,0,30,14,0,1,1,1
FR,0,55,13,0,1,0,1
FR,1,81,9,0,0,0,0
FR,1,69,3,0,1,0,0
FR,1,45,11,0,1,1,1
FR,0,64,12,0,0,0,1
FR,0,37,16,0,0,NA,1
FR,1,52,15,0,0,0,1
FR,0,53,10,1,0,1,1
FR,0,52,13,0,0,0,1
FR,1,32,18,0,1,1,0
FR,0,54,9,1,1,1,1
FR,0,17,2,1,0,1,0
FR,1,63,8,0,0,0,1
FR,1,26,17,0,1,1,1
FR,1,43,15,0,1,1,1
FR,1,41,14,0,0,0,1
FR,0,51,9,0,1,1,1
FR,1,84,8,0,1,1,1
FR,0,17,10,0,0,0,1
FR,0,69,17,0,1,1,1
FR,1,59,16,0,1,0,1
FR,1,72,12,0,1,0,1
FR,0,82,10,NA,1,1,1
FR,0,51,10,1,1,1,0
FR,1,57,12,0,0,0,1
FR,1,39,16,0,1,0,1
FR,1,55,15,0,0,0,1
FR,1,64,7,1,1,1,1
FR,1,65,16,0,1,0,0
FR,1,24,14,0,1,1,1
FR,0,68,15,0,0,0,1
FR,0,41,13,0,1,0,1
FR,1,45,13,1,1,1,1
FR,1,68,17,0,0,0,1
FR,1,54,13,0,0,0,0
FR,0,25,18,0,0,0,1
FR,1,34,17,0,1,0,1
FR,0,72,9,0,1,0,1
FR,0,77,14,0,1,1,0
FR,1,45,15,0,1,0,1
FR,0,33,12,0,1,1,1
FR,1,40,12,1,1,0,1
FR,0,58,16,0,0,0,1
FR,0,36,17,0,1,1,1
FR,1,33,19,0,0,0,1
FR,1,38,22,0,1,0,1
FR,0,80,8,1,1,1,1
FR,1,84,11,0,1,1,1
FR,0,56,10,0,0,1,1
FR,0,89,8,1,1,1,1
FR,1,45,10,0,0,0,1
FR,0,31,7,0,0,0,1
FR,0,59,NA,0,0,0,0
FR,1,54,6,0,0,0,1
FR,1,76,11,0,1,0,1
FR,1,48,12,0,0,0,1
FR,1,62,10,1,1,1,1
FR,0,54,12,0,1,NA,1
FR,1,21,9,0,0,1,1
FR,0,43,6,1,1,0,0
FR,1,15,9,0,0,0,1
FR,0,55,15,0,0,0,1
FR,1,27,16,0,1,0,1
FR,1,62,19,0,0,0,1
FR,0,70,NA,0,0,0,1
FR,0,23,17,0,1,1,1
FR,0,78,7,0,1,1,1
FR,0,32,18,0,0,0,1
FR,1,26,20,0,0,0,1
FR,0,53,NA,1,1,NA,1
FR,0,24,17,0,0,1,1
FR,1,21,15,0,1,0,1
FR,1,24,15,0,1,1,0
FR,0,28,19,0,1,1,1
FR,0,49,11,0,0,0,1
FR,0,40,19,0,1,0,1
FR,1,24,16,0,1,0,1
FR,0,28,14,0,1,1,1
FR,1,59,14,0,1,0,0
FR,0,20,14,0,0,0,1
FR,0,45,9,NA,NA,NA,1
FR,0,82,17,0,0,NA,1
FR,0,27,16,0,1,0,1
FR,0,35,17,0,0,0,1
FR,0,62,11,0,0,0,0
FR,1,23,16,0,0,1,1
FR,0,19,12,0,1,0,1
FR,0,36,17,0,0,0,1
FR,0,41,17,0,0,0,1
FR,0,21,13,0,0,0,1
FR,1,23,16,0,1,1,1
FR,1,88,14,0,1,1,0
FR,1,26,16,0,0,0,1
FR,0,28,16,0,0,0,1
FR,1,69,16,0,0,0,1
FR,0,41,12,0,0,0,1
FR,1,59,15,0,1,1,1
FR,1,57,10,0,1,1,1
FR,1,44,22,0,0,0,0
FR,0,33,15,0,1,0,1
FR,1,45,18,0,0,0,0
FR,1,30,12,1,1,0,1
FR,0,26,12,0,0,0,1
FR,0,17,13,0,1,0,1
FR,1,28,18,0,1,0,1
FR,1,58,12,0,1,0,1
FR,1,31,13,0,1,1,1
FR,1,35,14,0,1,0,1
FR,1,86,6,0,1,0,1
FR,0,55,11,0,1,0,1
FR,1,48,12,1,1,0,1
FR,0,21,15,0,0,0,1
FR,1,64,11,1,0,1,1
FR,1,48,14,0,0,0,0
FR,1,43,16,0,0,0,1
FR,0,53,9,0,0,1,1
FR,0,44,14,0,NA,0,1
FR,1,45,14,0,0,0,1
FR,0,41,15,0,0,0,1
FR,1,47,12,1,1,0,1
FR,0,34,11,1,0,0,1
FR,1,64,12,1,1,1,1
FR,1,23,15,0,1,1,1
FR,0,76,14,0,1,0,1
FR,0,62,13,0,0,0,1
FR,1,62,6,0,1,0,1
FR,1,NA,12,0,1,0,0
FR,0,68,12,0,0,1,1
FR,1,76,9,0,1,0,1
FR,0,26,15,0,1,0,1
FR,0,17,12,0,0,0,1
FR,0,28,13,0,1,0,1
FR,1,35,12,0,0,1,1
FR,1,65,9,0,1,1,0
FR,0,66,8,0,0,0,1
FR,0,94,18,0,1,1,1
FR,1,78,11,1,1,1,0
FR,0,46,21,0,1,1,0
FR,0,59,10,0,0,0,1
FR,1,84,10,0,0,1,0
FR,1,49,16,0,0,0,0
FR,1,77,5,0,1,1,0
FR,1,53,12,0,0,0,1
FR,1,82,10,0,1,0,0
FR,0,68,11,0,1,1,0
FR,0,51,9,0,1,1,1
FR,0,50,10,0,1,0,1
FR,0,64,5,0,1,1,0
FR,1,26,9,0,1,0,1
FR,0,46,10,0,1,0,1
FR,1,28,12,0,0,0,1
FR,0,31,16,0,1,0,1
FR,0,62,8,0,0,0,0
FR,1,52,16,0,0,0,1
FR,1,65,8,0,1,0,1
FR,1,81,2,0,0,0,0
FR,1,69,15,0,1,0,1
FR,0,31,16,0,0,1,1
FR,1,29,9,0,0,0,0
FR,1,72,11,0,0,1,0
FR,0,37,10,0,0,0,1
FR,1,45,11,0,1,1,1
FR,1,29,16,1,1,0,1
FR,1,68,8,0,1,0,1
FR,1,88,12,0,1,0,0
FR,0,69,20,0,0,1,1
FR,1,79,8,0,1,0,1
FR,0,34,13,0,1,1,1
FR,1,23,16,0,0,0,1
FR,0,47,14,0,1,1,1
FR,0,87,8,0,1,0,0
FR,1,83,5,0,NA,0,1
FR,1,51,14,0,1,1,1
FR,1,55,12,0,0,1,1
FR,0,84,12,0,1,0,1
FR,0,41,13,0,1,0,1
FR,1,60,12,1,1,0,0
FR,1,29,18,0,0,0,1
FR,0,94,13,0,1,0,0
FR,0,71,10,0,0,0,1
FR,1,44,19,0,NA,1,1
FR,0,70,19,0,0,0,0
FR,1,80,8,0,0,0,0
FR,0,61,10,0,0,0,1
FR,1,73,12,NA,1,1,0
FR,1,61,9,1,1,1,1
FR,0,57,10,0,1,0,0
FR,1,90,7,1,1,NA,0
FR,1,57,12,NA,1,0,1
FR,0,72,6,1,NA,1,1
FR,1,43,13,0,1,0,1
FR,1,19,10,0,0,0,1
FR,1,17,13,0,1,0,1
FR,1,37,15,0,0,0,1
FR,0,69,12,0,1,NA,0
FR,0,64,9,0,1,0,1
FR,0,42,20,0,1,0,1
FR,1,23,15,0,1,NA,1
FR,1,73,11,0,0,NA,1
FR,1,34,16,0,0,NA,1
FR,0,60,10,0,0,0,1
FR,0,74,9,1,0,1,1
FR,0,57,12,0,0,1,1
FR,0,41,15,0,0,0,1
FR,1,33,10,0,1,0,1
FR,1,78,6,1,1,0,1
FR,1,49,12,0,1,0,1
FR,1,69,9,0,NA,0,1
FR,1,51,12,0,0,0,1
FR,1,52,12,0,1,1,1
FR,0,21,13,0,0,0,1
FR,1,62,9,0,1,0,1
FR,1,72,9,0,1,0,0
FR,0,55,15,0,0,1,1
FR,1,48,14,0,0,0,1
FR,0,74,7,0,0,0,1
FR,1,65,11,0,0,0,1
FR,1,54,13,0,0,0,1
FR,1,71,18,0,0,0,1
FR,0,80,9,0,0,0,1
FR,1,48,11,0,1,0,1
FR,0,79,10,0,0,0,1
FR,0,49,14,0,1,1,1
FR,0,76,20,0,1,0,1
FR,0,75,15,1,1,1,0
FR,1,50,16,0,0,NA,1
FR,1,43,8,0,1,0,1
FR,0,60,9,1,1,1,1
FR,0,92,8,0,0,0,1
FR,1,59,16,0,0,0,1
FR,0,34,14,0,1,0,1
FR,0,48,12,0,0,0,1
FR,1,70,9,0,1,0,1
FR,1,40,15,0,1,1,1
FR,1,39,19,0,0,0,1
FR,0,33,20,0,0,0,1
FR,1,51,16,0,1,0,1
FR,0,49,12,1,1,1,1
FR,1,89,9,0,0,0,1
FR,1,80,9,1,1,0,1
FR,1,49,15,1,1,0,1
FR,0,32,13,0,0,0,1
FR,1,58,16,0,0,0,1
FR,0,27,14,0,0,0,1
FR,0,23,16,0,1,1,1
FR,1,59,24,0,1,0,1
FR,1,82,11,1,1,1,1
FR,0,28,16,1,0,0,1
FR,0,63,18,0,0,0,1
FR,0,18,12,0,0,0,1
FR,1,46,18,0,0,0,1
FR,1,22,15,0,0,0,1
FR,0,61,14,0,0,0,1
FR,0,62,5,1,1,0,0
FR,1,52,13,0,0,0,1
FR,1,80,5,0,0,0,1
FR,1,66,5,0,1,0,1
FR,0,69,12,0,0,0,1
FR,1,71,12,0,1,1,1
FR,1,51,14,0,NA,0,1
FR,0,65,9,0,1,NA,0
FR,0,36,15,0,0,0,1
FR,0,30,12,0,1,1,1
FR,1,57,12,0,1,0,0
FR,0,29,12,0,0,1,1
FR,1,50,15,0,0,0,1
FR,0,64,9,0,1,0,1
FR,0,50,16,0,0,0,1
FR,1,34,7,0,1,1,1
FR,1,60,5,1,1,0,1
FR,1,69,15,0,1,0,1
FR,1,47,12,1,1,1,1
FR,0,21,10,0,1,0,1
FR,1,50,11,0,0,0,1
FR,0,82,5,1,NA,0,1
FR,0,46,12,0,0,0,1
FR,1,50,14,0,1,0,1
FR,1,34,20,0,1,0,0
FR,0,70,17,0,0,1,0
FR,1,54,15,0,1,NA,1
FR,1,39,13,0,0,0,1
FR,1,63,8,0,1,0,0
FR,0,44,14,0,0,0,1
FR,1,49,13,0,1,0,1
FR,1,60,13,0,1,1,0
FR,1,44,9,0,1,0,0
FR,0,65,12,0,0,0,1
FR,1,84,12,0,0,0,1
FR,0,74,17,0,0,1,0
FR,1,55,9,0,0,0,1
FR,1,19,14,0,0,0,1
FR,0,21,14,1,1,0,1
FR,1,63,11,0,0,0,1
FR,0,53,17,0,0,0,1
FR,0,27,16,0,1,0,1
FR,1,66,15,0,0,0,0
FR,0,21,12,0,0,0,1
FR,0,43,14,0,1,1,1
FR,1,52,20,0,0,0,1
FR,0,54,14,0,0,0,1
FR,1,90,7,0,0,0,1
FR,1,72,14,0,1,1,1
FR,0,91,9,1,0,1,0
FR,1,35,18,0,0,0,1
FR,0,53,11,0,0,0,1
FR,1,70,9,NA,1,0,0
FR,0,64,15,0,0,0,1
FR,0,47,18,0,1,1,1
FR,1,67,12,0,0,1,1
FR,1,58,9,NA,0,1,1
FR,1,37,14,0,1,0,1
FR,1,28,17,0,0,0,1
FR,1,34,12,0,0,0,1
FR,0,34,19,0,0,0,1
FR,0,36,17,0,1,1,1
FR,1,32,17,0,1,1,0
FR,1,32,17,0,0,0,1
FR,1,52,11,0,1,1,1
FR,0,89,14,0,1,0,1
FR,1,62,13,0,0,NA,1
FR,0,70,9,0,1,0,1
FR,0,54,18,0,0,0,1
FR,1,85,13,0,1,0,0
FR,1,65,18,0,0,0,1
FR,0,38,18,0,1,0,0
FR,0,52,12,0,0,0,1
FR,0,44,16,0,1,1,1
FR,0,47,17,0,1,0,1
FR,1,23,15,0,0,1,1
FR,1,62,14,0,0,0,0
FR,0,61,13,1,1,0,0
FR,0,66,16,0,1,0,0
FR,0,24,18,0,0,0,1
FR,0,54,19,0,1,0,1
FR,0,82,12,0,0,0,0
FR,0,37,14,0,0,0,1
FR,1,83,10,0,1,1,0
FR,1,65,14,0,0,0,1
FR,1,68,10,NA,NA,1,1
FR,1,46,11,1,1,1,1
FR,0,29,11,0,1,0,1
FR,1,42,14,0,0,0,1
FR,0,34,7,0,1,NA,1
FR,0,29,15,0,0,1,1
FR,1,34,14,0,0,0,1
FR,0,51,12,0,0,0,1
FR,1,37,6,0,1,0,1
FR,1,84,7,1,1,1,1
FR,1,33,13,0,0,1,1
FR,1,34,17,0,0,0,1
FR,1,46,15,1,1,1,1
FR,1,67,8,0,1,0,1
FR,1,53,17,0,0,1,1
FR,1,31,17,0,1,NA,1
FR,1,48,16,0,0,0,1
FR,1,54,17,0,0,0,1
FR,0,82,20,0,0,1,1
FR,1,53,22,0,0,0,1
FR,1,62,11,0,0,0,1
FR,0,37,18,0,0,0,1
FR,0,73,19,1,1,1,1
FR,1,54,12,0,0,0,1
FR,1,48,14,0,0,0,1
FR,1,36,12,0,0,0,1
FR,1,61,16,1,1,0,1
FR,1,47,17,0,0,0,1
FR,0,44,19,0,0,1,1
FR,0,30,14,0,1,1,1
FR,1,51,11,0,0,1,1
FR,1,54,13,0,1,0,1
FR,1,32,14,NA,NA,0,1
FR,1,21,10,0,0,0,1
FR,0,59,13,0,0,0,1
FR,0,30,15,0,0,1,1
FR,0,72,10,1,1,1,1
FR,0,73,12,0,0,1,0
FR,0,33,13,0,0,0,1
FR,0,64,5,0,1,0,0
FR,0,44,11,0,1,0,1
FR,1,15,9,0,0,0,1
FR,0,54,11,0,1,0,1
FR,0,53,10,1,1,1,1
FR,1,38,16,1,1,0,1
FR,1,66,7,1,1,1,1
FR,1,56,12,0,1,1,1
FR,1,28,16,0,1,0,1
FR,1,69,7,0,1,1,1
FR,1,43,14,0,1,0,1
FR,0,22,12,0,0,0,1
FR,0,23,16,0,1,0,1
FR,1,26,16,0,1,0,0
FR,1,29,15,0,0,0,1
FR,1,69,18,1,1,1,1
FR,1,31,20,0,0,0,1
FR,1,25,19,0,0,0,1
FR,1,37,20,0,1,0,1
FR,0,42,8,0,0,0,1
FR,0,44,18,0,1,0,1
FR,0,28,17,0,0,0,1
FR,0,55,10,0,0,0,1
FR,0,68,12,0,1,0,1
FR,0,58,10,0,1,1,1
FR,0,25,11,0,1,1,1
FR,1,80,14,0,1,0,0
FR,0,26,20,0,0,0,1
FR,1,72,10,0,1,1,1
FR,0,56,12,0,0,0,1
FR,0,57,10,1,1,0,0
FR,1,32,11,0,1,1,1
FR,1,17,12,0,0,0,1
FR,1,33,12,0,1,0,1
FR,0,74,18,0,1,1,1
FR,0,20,12,0,1,1,1
FR,0,63,10,0,1,0,0
FR,1,76,8,0,0,0,1
FR,1,57,15,0,1,0,1
FR,0,65,21,0,0,0,1
FR,1,61,NA,0,0,0,1
FR,1,76,6,1,1,1,1
FR,0,83,12,1,1,0,1
FR,1,49,15,0,0,0,1
FR,1,74,7,0,0,1,1
FR,1,23,18,0,1,0,1
FR,1,41,14,0,0,1,1
FR,1,63,8,0,1,0,1
FR,0,60,12,0,0,1,1
FR,1,52,16,0,0,0,1
FR,0,71,16,0,0,1,1
FR,0,46,9,0,1,0,1
FR,0,47,10,1,1,1,1
FR,0,28,11,0,1,1,1
FR,0,29,12,0,0,0,1
FR,1,20,14,0,0,0,1
FR,0,36,6,1,1,0,1
FR,0,67,0,0,0,1,1
FR,1,46,6,0,1,0,1
FR,1,88,0,0,1,NA,0
FR,1,73,12,0,1,0,1
FR,0,35,16,0,0,0,1
FR,0,73,7,0,1,0,1
FR,0,76,14,0,1,1,1
FR,0,27,12,0,1,0,1
FR,1,67,7,1,1,0,1
FR,0,51,11,1,0,1,1
FR,1,16,11,0,0,1,1
FR,1,69,12,1,1,1,1
FR,1,31,13,0,1,1,0
FR,0,35,13,0,0,0,0
FR,0,51,8,0,0,0,1
FR,0,34,16,0,0,0,1
FR,0,31,15,1,1,0,1
FR,1,76,8,0,1,0,0
FR,0,67,15,0,0,0,1
FR,0,33,22,0,1,1,1
FR,0,19,12,0,1,0,1
FR,0,67,18,0,1,1,1
FR,1,81,8,0,0,0,0
FR,0,47,11,0,0,0,1
FR,0,63,8,0,1,0,0
FR,0,67,9,1,1,0,1
FR,1,41,16,0,0,0,1
FR,1,86,5,0,0,0,0
FR,1,50,14,0,1,0,0
FR,0,49,13,0,0,1,1
FR,0,48,17,0,1,0,1
FR,1,47,16,0,0,1,1
FR,1,15,9,0,1,0,1
FR,1,33,12,0,0,0,1
FR,1,53,14,1,1,1,1
FR,0,33,17,0,0,0,1
FR,0,78,12,1,0,1,1
FR,1,81,8,0,1,1,0
FR,1,55,16,0,0,1,1
FR,0,44,7,0,1,1,1
FR,0,64,7,0,1,0,1
FR,1,23,15,0,0,0,1
FR,1,58,12,0,1,0,1
FR,1,38,17,0,1,0,1
FR,0,50,16,0,0,0,1
FR,0,16,13,0,1,0,1
FR,1,64,8,1,1,0,1
FR,1,34,14,0,0,0,1
FR,1,32,16,0,0,0,1
FR,0,37,23,0,0,0,1
FR,0,47,13,0,0,0,1
FR,1,72,13,0,0,0,1
FR,1,55,13,0,1,NA,1
FR,0,70,13,0,1,NA,0
FR,1,67,13,0,1,0,0
FR,0,86,13,1,1,0,1
FR,1,35,10,0,0,0,0
FR,0,68,9,0,0,0,NA
FR,0,56,15,0,0,0,1
